2026-05-17  2:32:00 0 [Note] Starting MariaDB 10.4.32-MariaDB source revision c4143f909528e3fab0677a28631d10389354c491 as process 34984
2026-05-17  2:32:00 0 [Note] InnoDB: Mutexes and rw_locks use Windows interlocked functions
2026-05-17  2:32:00 0 [Note] InnoDB: Uses event mutexes
2026-05-17  2:32:00 0 [Note] InnoDB: Compressed tables use zlib 1.3
2026-05-17  2:32:00 0 [Note] InnoDB: Number of pools: 1
2026-05-17  2:32:00 0 [Note] InnoDB: Using SSE2 crc32 instructions
2026-05-17  2:32:00 0 [Note] InnoDB: Initializing buffer pool, total size = 16M, instances = 1, chunk size = 16M
2026-05-17  2:32:00 0 [Note] InnoDB: Completed initialization of buffer pool
2026-05-17  2:32:00 0 [Note] InnoDB: Starting crash recovery from checkpoint LSN=300288
2026-05-17  2:32:00 0 [Warning] InnoDB: Are you sure you are using the right ib_logfiles to start up the database? Log sequence number in the ib_logfiles is 300288, less than the log sequence number in the first system tablespace file header, 388117.
2026-05-17  2:32:00 0 [Warning] InnoDB: Ignoring a doublewrite copy of page [page id: space=0, page number=282] with future log sequence number 1168768
2026-05-17  2:32:00 0 [Warning] InnoDB: Ignoring a doublewrite copy of page [page id: space=0, page number=439] with future log sequence number 1168768
2026-05-17  2:32:00 0 [Warning] InnoDB: Ignoring a doublewrite copy of page [page id: space=0, page number=281] with future log sequence number 1168724
2026-05-17  2:32:00 0 [Warning] InnoDB: Ignoring a doublewrite copy of page [page id: space=0, page number=415] with future log sequence number 1168724
2026-05-17  2:32:00 0 [Warning] InnoDB: Ignoring a doublewrite copy of page [page id: space=0, page number=280] with future log sequence number 1168680
2026-05-17  2:32:00 0 [Warning] InnoDB: Ignoring a doublewrite copy of page [page id: space=0, page number=414] with future log sequence number 1168680
2026-05-17  2:32:00 0 [Warning] InnoDB: Ignoring a doublewrite copy of page [page id: space=0, page number=277] with future log sequence number 1168636
2026-05-17  2:32:00 0 [Warning] InnoDB: Ignoring a doublewrite copy of page [page id: space=0, page number=411] with future log sequence number 1168636
2026-05-17  2:32:00 0 [Warning] InnoDB: Ignoring a doublewrite copy of page [page id: space=0, page number=276] with future log sequence number 1168592
2026-05-17  2:32:00 0 [Warning] InnoDB: Ignoring a doublewrite copy of page [page id: space=0, page number=409] with future log sequence number 1168592
2026-05-17  2:32:00 0 [Warning] InnoDB: Ignoring a doublewrite copy of page [page id: space=0, page number=275] with future log sequence number 1168548
2026-05-17  2:32:00 0 [Warning] InnoDB: Ignoring a doublewrite copy of page [page id: space=0, page number=438] with future log sequence number 1168548
2026-05-17  2:32:00 0 [Warning] InnoDB: Ignoring a doublewrite copy of page [page id: space=0, page number=273] with future log sequence number 1168504
2026-05-17  2:32:00 0 [Warning] InnoDB: Ignoring a doublewrite copy of page [page id: space=0, page number=407] with future log sequence number 1168504
2026-05-17  2:32:00 0 [Warning] InnoDB: Ignoring a doublewrite copy of page [page id: space=0, page number=272] with future log sequence number 1168460
2026-05-17  2:32:00 0 [Warning] InnoDB: Ignoring a doublewrite copy of page [page id: space=0, page number=406] with future log sequence number 1168460
2026-05-17  2:32:00 0 [Warning] InnoDB: Ignoring a doublewrite copy of page [page id: space=0, page number=271] with future log sequence number 1168416
2026-05-17  2:32:00 0 [Warning] InnoDB: Ignoring a doublewrite copy of page [page id: space=0, page number=405] with future log sequence number 1168416
2026-05-17  2:32:00 0 [Warning] InnoDB: Ignoring a doublewrite copy of page [page id: space=0, page number=270] with future log sequence number 1168356
2026-05-17  2:32:00 0 [Warning] InnoDB: Ignoring a doublewrite copy of page [page id: space=0, page number=433] with future log sequence number 1168356
2026-05-17  2:32:00 0 [Warning] InnoDB: Ignoring a doublewrite copy of page [page id: space=0, page number=269] with future log sequence number 1168312
2026-05-17  2:32:00 0 [Warning] InnoDB: Ignoring a doublewrite copy of page [page id: space=0, page number=404] with future log sequence number 1168312
2026-05-17  2:32:00 0 [Warning] InnoDB: Ignoring a doublewrite copy of page [page id: space=0, page number=268] with future log sequence number 1168268
2026-05-17  2:32:00 0 [Warning] InnoDB: Ignoring a doublewrite copy of page [page id: space=0, page number=403] with future log sequence number 1168268
2026-05-17  2:32:00 0 [Warning] InnoDB: Ignoring a doublewrite copy of page [page id: space=0, page number=267] with future log sequence number 1168224
2026-05-17  2:32:00 0 [Warning] InnoDB: Ignoring a doublewrite copy of page [page id: space=0, page number=402] with future log sequence number 1168224
2026-05-17  2:32:00 0 [Warning] InnoDB: Ignoring a doublewrite copy of page [page id: space=0, page number=266] with future log sequence number 1168180
2026-05-17  2:32:00 0 [Warning] InnoDB: Ignoring a doublewrite copy of page [page id: space=0, page number=401] with future log sequence number 1168180
2026-05-17  2:32:00 0 [Warning] InnoDB: Ignoring a doublewrite copy of page [page id: space=0, page number=265] with future log sequence number 1168136
2026-05-17  2:32:00 0 [Warning] InnoDB: Ignoring a doublewrite copy of page [page id: space=0, page number=400] with future log sequence number 1168136
2026-05-17  2:32:00 0 [Warning] InnoDB: Ignoring a doublewrite copy of page [page id: space=0, page number=262] with future log sequence number 1168092
2026-05-17  2:32:00 0 [Warning] InnoDB: Ignoring a doublewrite copy of page [page id: space=0, page number=256] with future log sequence number 1220885
2026-05-17  2:32:00 0 [Warning] InnoDB: Ignoring a doublewrite copy of page [page id: space=0, page number=390] with future log sequence number 1220885
2026-05-17  2:32:00 0 [Warning] InnoDB: Ignoring a doublewrite copy of page [page id: space=0, page number=255] with future log sequence number 1220841
2026-05-17  2:32:00 0 [Warning] InnoDB: Ignoring a doublewrite copy of page [page id: space=0, page number=389] with future log sequence number 1220841
2026-05-17  2:32:00 0 [Warning] InnoDB: Ignoring a doublewrite copy of page [page id: space=0, page number=193] with future log sequence number 351064
2026-05-17  2:32:00 0 [Warning] InnoDB: Ignoring a doublewrite copy of page [page id: space=0, page number=330] with future log sequence number 351064
2026-05-17  2:32:00 0 [Warning] InnoDB: Ignoring a doublewrite copy of page [page id: space=0, page number=251] with future log sequence number 352800
2026-05-17  2:32:00 0 [Warning] InnoDB: Ignoring a doublewrite copy of page [page id: space=0, page number=386] with future log sequence number 352800
2026-05-17  2:32:00 0 [Warning] InnoDB: Ignoring a doublewrite copy of page [page id: space=0, page number=250] with future log sequence number 352740
2026-05-17  2:32:00 0 [Warning] InnoDB: Ignoring a doublewrite copy of page [page id: space=0, page number=371] with future log sequence number 352740
2026-05-17  2:32:00 0 [Warning] InnoDB: Ignoring a doublewrite copy of page [page id: space=0, page number=248] with future log sequence number 352696
2026-05-17  2:32:00 0 [Warning] InnoDB: Ignoring a doublewrite copy of page [page id: space=0, page number=385] with future log sequence number 352696
2026-05-17  2:32:00 0 [Warning] InnoDB: Ignoring a doublewrite copy of page [page id: space=0, page number=247] with future log sequence number 352652
2026-05-17  2:32:00 0 [Warning] InnoDB: Ignoring a doublewrite copy of page [page id: space=0, page number=384] with future log sequence number 352652
2026-05-17  2:32:00 0 [Warning] InnoDB: Ignoring a doublewrite copy of page [page id: space=0, page number=245] with future log sequence number 352608
2026-05-17  2:32:00 0 [Warning] InnoDB: Ignoring a doublewrite copy of page [page id: space=0, page number=383] with future log sequence number 352608
2026-05-17  2:32:00 0 [Warning] InnoDB: Ignoring a doublewrite copy of page [page id: space=0, page number=244] with future log sequence number 352564
2026-05-17  2:32:00 0 [Warning] InnoDB: Ignoring a doublewrite copy of page [page id: space=0, page number=382] with future log sequence number 352564
2026-05-17  2:32:00 0 [Warning] InnoDB: Ignoring a doublewrite copy of page [page id: space=0, page number=241] with future log sequence number 352520
2026-05-17  2:32:00 0 [Warning] InnoDB: Ignoring a doublewrite copy of page [page id: space=0, page number=380] with future log sequence number 352520
2026-05-17  2:32:00 0 [Warning] InnoDB: Ignoring a doublewrite copy of page [page id: space=0, page number=240] with future log sequence number 352476
2026-05-17  2:32:00 0 [Warning] InnoDB: Ignoring a doublewrite copy of page [page id: space=0, page number=369] with future log sequence number 352476
2026-05-17  2:32:00 0 [Warning] InnoDB: Ignoring a doublewrite copy of page [page id: space=0, page number=238] with future log sequence number 352432
2026-05-17  2:32:00 0 [Warning] InnoDB: Ignoring a doublewrite copy of page [page id: space=0, page number=378] with future log sequence number 352432
2026-05-17  2:32:00 0 [Warning] InnoDB: Ignoring a doublewrite copy of page [page id: space=0, page number=237] with future log sequence number 352388
2026-05-17  2:32:00 0 [Warning] InnoDB: Ignoring a doublewrite copy of page [page id: space=0, page number=377] with future log sequence number 352388
2026-05-17  2:32:00 0 [Warning] InnoDB: Ignoring a doublewrite copy of page [page id: space=0, page number=235] with future log sequence number 352344
2026-05-17  2:32:00 0 [Warning] InnoDB: Ignoring a doublewrite copy of page [page id: space=0, page number=375] with future log sequence number 352344
2026-05-17  2:32:00 0 [Warning] InnoDB: Ignoring a doublewrite copy of page [page id: space=0, page number=234] with future log sequence number 352300
2026-05-17  2:32:00 0 [Warning] InnoDB: Ignoring a doublewrite copy of page [page id: space=0, page number=374] with future log sequence number 352300
2026-05-17  2:32:00 0 [Warning] InnoDB: Ignoring a doublewrite copy of page [page id: space=0, page number=232] with future log sequence number 352240
2026-05-17  2:32:00 0 [Warning] InnoDB: Ignoring a doublewrite copy of page [page id: space=0, page number=373] with future log sequence number 352240
2026-05-17  2:32:00 0 [Warning] InnoDB: Ignoring a doublewrite copy of page [page id: space=0, page number=231] with future log sequence number 352196
2026-05-17  2:32:00 0 [Warning] InnoDB: Ignoring a doublewrite copy of page [page id: space=0, page number=368] with future log sequence number 352196
2026-05-17  2:32:00 0 [Warning] InnoDB: Ignoring a doublewrite copy of page [page id: space=0, page number=229] with future log sequence number 352152
2026-05-17  2:32:00 0 [Warning] InnoDB: Ignoring a doublewrite copy of page [page id: space=0, page number=366] with future log sequence number 352152
2026-05-17  2:32:00 0 [Warning] InnoDB: Ignoring a doublewrite copy of page [page id: space=0, page number=228] with future log sequence number 352108
2026-05-17  2:32:00 0 [Warning] InnoDB: Ignoring a doublewrite copy of page [page id: space=0, page number=365] with future log sequence number 352108
2026-05-17  2:32:00 0 [Warning] InnoDB: Ignoring a doublewrite copy of page [page id: space=0, page number=226] with future log sequence number 352064
2026-05-17  2:32:00 0 [Warning] InnoDB: Ignoring a doublewrite copy of page [page id: space=0, page number=363] with future log sequence number 352064
2026-05-17  2:32:00 0 [Warning] InnoDB: Ignoring a doublewrite copy of page [page id: space=0, page number=225] with future log sequence number 352020
2026-05-17  2:32:00 0 [Warning] InnoDB: Ignoring a doublewrite copy of page [page id: space=0, page number=362] with future log sequence number 352020
2026-05-17  2:32:00 0 [Warning] InnoDB: Ignoring a doublewrite copy of page [page id: space=0, page number=223] with future log sequence number 351976
2026-05-17  2:32:00 0 [Warning] InnoDB: Ignoring a doublewrite copy of page [page id: space=0, page number=251] with future log sequence number 373722
2026-05-17  2:32:00 0 [Warning] InnoDB: Ignoring a doublewrite copy of page [page id: space=0, page number=386] with future log sequence number 373722
2026-05-17  2:32:00 0 [Warning] InnoDB: Ignoring a doublewrite copy of page [page id: space=0, page number=250] with future log sequence number 373678
2026-05-17  2:32:00 0 [Warning] InnoDB: Ignoring a doublewrite copy of page [page id: space=0, page number=371] with future log sequence number 373678
2026-05-17  2:32:00 0 [Warning] InnoDB: Ignoring a doublewrite copy of page [page id: space=0, page number=249] with future log sequence number 373634
2026-05-17  2:32:00 0 [Warning] InnoDB: Ignoring a doublewrite copy of page [page id: space=0, page number=370] with future log sequence number 373634
2026-05-17  2:32:00 0 [Warning] InnoDB: Ignoring a doublewrite copy of page [page id: space=0, page number=248] with future log sequence number 373590
2026-05-17  2:32:00 0 [Warning] InnoDB: Ignoring a doublewrite copy of page [page id: space=0, page number=385] with future log sequence number 373590
2026-05-17  2:32:00 0 [Warning] InnoDB: Ignoring a doublewrite copy of page [page id: space=0, page number=247] with future log sequence number 373546
2026-05-17  2:32:00 0 [Warning] InnoDB: Ignoring a doublewrite copy of page [page id: space=0, page number=384] with future log sequence number 373546
2026-05-17  2:32:00 0 [Warning] InnoDB: Ignoring a doublewrite copy of page [page id: space=0, page number=246] with future log sequence number 373502
2026-05-17  2:32:00 0 [Warning] InnoDB: Ignoring a doublewrite copy of page [page id: space=0, page number=431] with future log sequence number 373502
2026-05-17  2:32:00 0 [Warning] InnoDB: Ignoring a doublewrite copy of page [page id: space=0, page number=245] with future log sequence number 373458
2026-05-17  2:32:00 0 [Warning] InnoDB: Ignoring a doublewrite copy of page [page id: space=0, page number=383] with future log sequence number 373458
2026-05-17  2:32:00 0 [Warning] InnoDB: Ignoring a doublewrite copy of page [page id: space=0, page number=244] with future log sequence number 373414
2026-05-17  2:32:00 0 [Warning] InnoDB: Ignoring a doublewrite copy of page [page id: space=0, page number=382] with future log sequence number 373414
2026-05-17  2:32:00 0 [Warning] InnoDB: Ignoring a doublewrite copy of page [page id: space=0, page number=242] with future log sequence number 373370
2026-05-17  2:32:00 0 [Warning] InnoDB: Ignoring a doublewrite copy of page [page id: space=0, page number=381] with future log sequence number 373370
2026-05-17  2:32:00 0 [Warning] InnoDB: Ignoring a doublewrite copy of page [page id: space=0, page number=241] with future log sequence number 373326
2026-05-17  2:32:00 0 [Warning] InnoDB: Ignoring a doublewrite copy of page [page id: space=0, page number=380] with future log sequence number 373326
2026-05-17  2:32:00 0 [Warning] InnoDB: Ignoring a doublewrite copy of page [page id: space=0, page number=240] with future log sequence number 373282
2026-05-17  2:32:00 0 [Warning] InnoDB: Ignoring a doublewrite copy of page [page id: space=0, page number=369] with future log sequence number 373282
2026-05-17  2:32:00 0 [Warning] InnoDB: Ignoring a doublewrite copy of page [page id: space=0, page number=239] with future log sequence number 373222
2026-05-17  2:32:00 0 [Warning] InnoDB: Ignoring a doublewrite copy of page [page id: space=0, page number=379] with future log sequence number 373222
2026-05-17  2:32:00 0 [Warning] InnoDB: Ignoring a doublewrite copy of page [page id: space=0, page number=238] with future log sequence number 373178
2026-05-17  2:32:00 0 [Warning] InnoDB: Ignoring a doublewrite copy of page [page id: space=0, page number=378] with future log sequence number 373178
2026-05-17  2:32:00 0 [Warning] InnoDB: Ignoring a doublewrite copy of page [page id: space=0, page number=237] with future log sequence number 373134
2026-05-17  2:32:00 0 [Warning] InnoDB: Ignoring a doublewrite copy of page [page id: space=0, page number=377] with future log sequence number 373134
2026-05-17  2:32:00 0 [Warning] InnoDB: Ignoring a doublewrite copy of page [page id: space=0, page number=235] with future log sequence number 373090
2026-05-17  2:32:00 0 [Warning] InnoDB: Ignoring a doublewrite copy of page [page id: space=0, page number=375] with future log sequence number 373090
2026-05-17  2:32:00 0 [Warning] InnoDB: Ignoring a doublewrite copy of page [page id: space=0, page number=234] with future log sequence number 373046
2026-05-17  2:32:00 0 [Warning] InnoDB: Ignoring a doublewrite copy of page [page id: space=0, page number=374] with future log sequence number 373046
2026-05-17  2:32:00 0 [Warning] InnoDB: Ignoring a doublewrite copy of page [page id: space=0, page number=233] with future log sequence number 373002
2026-05-17  2:32:00 0 [Warning] InnoDB: Ignoring a doublewrite copy of page [page id: space=0, page number=437] with future log sequence number 373002
2026-05-17  2:32:00 0 [Warning] InnoDB: Ignoring a doublewrite copy of page [page id: space=0, page number=232] with future log sequence number 372958
2026-05-17  2:32:00 0 [Warning] InnoDB: Ignoring a doublewrite copy of page [page id: space=0, page number=373] with future log sequence number 372958
2026-05-17  2:32:00 0 [Warning] InnoDB: Ignoring a doublewrite copy of page [page id: space=0, page number=224] with future log sequence number 385348
2026-05-17  2:32:00 0 [Warning] InnoDB: Ignoring a doublewrite copy of page [page id: space=0, page number=361] with future log sequence number 385348
2026-05-17  2:32:00 0 [Warning] InnoDB: Ignoring a doublewrite copy of page [page id: space=0, page number=223] with future log sequence number 385304
2026-05-17  2:32:00 0 [Warning] InnoDB: Ignoring a doublewrite copy of page [page id: space=0, page number=360] with future log sequence number 385304
2026-05-17  2:32:00 0 [Warning] InnoDB: Ignoring a doublewrite copy of page [page id: space=0, page number=215] with future log sequence number 387658
2026-05-17  2:32:00 0 [Warning] InnoDB: Ignoring a doublewrite copy of page [page id: space=0, page number=352] with future log sequence number 387658
2026-05-17  2:32:00 0 [Warning] InnoDB: Ignoring a doublewrite copy of page [page id: space=0, page number=323] with future log sequence number 388597
2026-05-17  2:32:00 0 [Warning] InnoDB: Ignoring a doublewrite copy of page [page id: space=0, page number=58] with future log sequence number 388597
2026-05-17  2:32:00 0 [Warning] InnoDB: Ignoring a doublewrite copy of page [page id: space=0, page number=321] with future log sequence number 388180
2026-05-17  2:32:00 0 [Warning] InnoDB: Ignoring a doublewrite copy of page [page id: space=67, page number=3] with future log sequence number 388633
2026-05-17  2:32:00 0 [ERROR] InnoDB: Page [page id: space=0, page number=7] log sequence number 1366383 is in the future! Current system log sequence number 300306.
2026-05-17  2:32:00 0 [ERROR] InnoDB: Your database may be corrupt or you may have copied the InnoDB tablespace but not the InnoDB log files. Please refer to https://mariadb.com/kb/en/library/innodb-recovery-modes/ for information about forcing recovery.
2026-05-17  2:32:00 0 [ERROR] InnoDB: Page [page id: space=0, page number=2] log sequence number 479260 is in the future! Current system log sequence number 300306.
2026-05-17  2:32:00 0 [ERROR] InnoDB: Your database may be corrupt or you may have copied the InnoDB tablespace but not the InnoDB log files. Please refer to https://mariadb.com/kb/en/library/innodb-recovery-modes/ for information about forcing recovery.
2026-05-17  2:32:00 0 [ERROR] InnoDB: Page [page id: space=0, page number=11] log sequence number 1371076 is in the future! Current system log sequence number 300306.
2026-05-17  2:32:00 0 [ERROR] InnoDB: Your database may be corrupt or you may have copied the InnoDB tablespace but not the InnoDB log files. Please refer to https://mariadb.com/kb/en/library/innodb-recovery-modes/ for information about forcing recovery.
2026-05-17  2:32:00 0 [ERROR] InnoDB: Page [page id: space=0, page number=6] log sequence number 1276228 is in the future! Current system log sequence number 300306.
2026-05-17  2:32:00 0 [ERROR] InnoDB: Your database may be corrupt or you may have copied the InnoDB tablespace but not the InnoDB log files. Please refer to https://mariadb.com/kb/en/library/innodb-recovery-modes/ for information about forcing recovery.
2026-05-17  2:32:00 0 [ERROR] InnoDB: Page [page id: space=0, page number=301] log sequence number 1276228 is in the future! Current system log sequence number 300306.
2026-05-17  2:32:00 0 [ERROR] InnoDB: Your database may be corrupt or you may have copied the InnoDB tablespace but not the InnoDB log files. Please refer to https://mariadb.com/kb/en/library/innodb-recovery-modes/ for information about forcing recovery.
2026-05-17  2:32:00 0 [ERROR] InnoDB: Page [page id: space=0, page number=45] log sequence number 1186199 is in the future! Current system log sequence number 300306.
2026-05-17  2:32:00 0 [ERROR] InnoDB: Your database may be corrupt or you may have copied the InnoDB tablespace but not the InnoDB log files. Please refer to https://mariadb.com/kb/en/library/innodb-recovery-modes/ for information about forcing recovery.
2026-05-17  2:32:00 0 [ERROR] InnoDB: Page [page id: space=0, page number=306] log sequence number 1186199 is in the future! Current system log sequence number 300306.
2026-05-17  2:32:00 0 [ERROR] InnoDB: Your database may be corrupt or you may have copied the InnoDB tablespace but not the InnoDB log files. Please refer to https://mariadb.com/kb/en/library/innodb-recovery-modes/ for information about forcing recovery.
2026-05-17  2:32:00 0 [ERROR] InnoDB: Page [page id: space=0, page number=46] log sequence number 1186238 is in the future! Current system log sequence number 300306.
2026-05-17  2:32:00 0 [ERROR] InnoDB: Your database may be corrupt or you may have copied the InnoDB tablespace but not the InnoDB log files. Please refer to https://mariadb.com/kb/en/library/innodb-recovery-modes/ for information about forcing recovery.
2026-05-17  2:32:00 0 [ERROR] InnoDB: Page [page id: space=0, page number=309] log sequence number 1186238 is in the future! Current system log sequence number 300306.
2026-05-17  2:32:00 0 [ERROR] InnoDB: Your database may be corrupt or you may have copied the InnoDB tablespace but not the InnoDB log files. Please refer to https://mariadb.com/kb/en/library/innodb-recovery-modes/ for information about forcing recovery.
2026-05-17  2:32:00 0 [ERROR] InnoDB: Page [page id: space=0, page number=47] log sequence number 1336417 is in the future! Current system log sequence number 300306.
2026-05-17  2:32:00 0 [ERROR] InnoDB: Your database may be corrupt or you may have copied the InnoDB tablespace but not the InnoDB log files. Please refer to https://mariadb.com/kb/en/library/innodb-recovery-modes/ for information about forcing recovery.
2026-05-17  2:32:00 0 [ERROR] InnoDB: Page [page id: space=0, page number=311] log sequence number 1336417 is in the future! Current system log sequence number 300306.
2026-05-17  2:32:00 0 [ERROR] InnoDB: Your database may be corrupt or you may have copied the InnoDB tablespace but not the InnoDB log files. Please refer to https://mariadb.com/kb/en/library/innodb-recovery-modes/ for information about forcing recovery.
2026-05-17  2:32:00 0 [ERROR] InnoDB: Page [page id: space=0, page number=48] log sequence number 1276267 is in the future! Current system log sequence number 300306.
2026-05-17  2:32:00 0 [ERROR] InnoDB: Your database may be corrupt or you may have copied the InnoDB tablespace but not the InnoDB log files. Please refer to https://mariadb.com/kb/en/library/innodb-recovery-modes/ for information about forcing recovery.
2026-05-17  2:32:00 0 [ERROR] InnoDB: Page [page id: space=0, page number=312] log sequence number 1276267 is in the future! Current system log sequence number 300306.
2026-05-17  2:32:00 0 [ERROR] InnoDB: Your database may be corrupt or you may have copied the InnoDB tablespace but not the InnoDB log files. Please refer to https://mariadb.com/kb/en/library/innodb-recovery-modes/ for information about forcing recovery.
2026-05-17  2:32:00 0 [ERROR] InnoDB: Page [page id: space=0, page number=49] log sequence number 374747 is in the future! Current system log sequence number 300306.
2026-05-17  2:32:00 0 [ERROR] InnoDB: Your database may be corrupt or you may have copied the InnoDB tablespace but not the InnoDB log files. Please refer to https://mariadb.com/kb/en/library/innodb-recovery-modes/ for information about forcing recovery.
2026-05-17  2:32:00 0 [ERROR] InnoDB: Page [page id: space=0, page number=313] log sequence number 374747 is in the future! Current system log sequence number 300306.
2026-05-17  2:32:00 0 [ERROR] InnoDB: Your database may be corrupt or you may have copied the InnoDB tablespace but not the InnoDB log files. Please refer to https://mariadb.com/kb/en/library/innodb-recovery-modes/ for information about forcing recovery.
2026-05-17  2:32:00 0 [ERROR] InnoDB: Page [page id: space=0, page number=50] log sequence number 1289340 is in the future! Current system log sequence number 300306.
2026-05-17  2:32:00 0 [ERROR] InnoDB: Your database may be corrupt or you may have copied the InnoDB tablespace but not the InnoDB log files. Please refer to https://mariadb.com/kb/en/library/innodb-recovery-modes/ for information about forcing recovery.
2026-05-17  2:32:00 0 [ERROR] InnoDB: Page [page id: space=0, page number=314] log sequence number 1289340 is in the future! Current system log sequence number 300306.
2026-05-17  2:32:00 0 [ERROR] InnoDB: Your database may be corrupt or you may have copied the InnoDB tablespace but not the InnoDB log files. Please refer to https://mariadb.com/kb/en/library/innodb-recovery-modes/ for information about forcing recovery.
2026-05-17  2:32:00 0 [ERROR] InnoDB: Page [page id: space=0, page number=51] log sequence number 1377732 is in the future! Current system log sequence number 300306.
2026-05-17  2:32:00 0 [ERROR] InnoDB: Your database may be corrupt or you may have copied the InnoDB tablespace but not the InnoDB log files. Please refer to https://mariadb.com/kb/en/library/innodb-recovery-modes/ for information about forcing recovery.
2026-05-17  2:32:00 0 [ERROR] InnoDB: Page [page id: space=0, page number=315] log sequence number 1377732 is in the future! Current system log sequence number 300306.
2026-05-17  2:32:00 0 [ERROR] InnoDB: Your database may be corrupt or you may have copied the InnoDB tablespace but not the InnoDB log files. Please refer to https://mariadb.com/kb/en/library/innodb-recovery-modes/ for information about forcing recovery.
2026-05-17  2:32:00 0 [ERROR] InnoDB: Page [page id: space=0, page number=52] log sequence number 1289418 is in the future! Current system log sequence number 300306.
2026-05-17  2:32:00 0 [ERROR] InnoDB: Your database may be corrupt or you may have copied the InnoDB tablespace but not the InnoDB log files. Please refer to https://mariadb.com/kb/en/library/innodb-recovery-modes/ for information about forcing recovery.
2026-05-17  2:32:00 0 [ERROR] InnoDB: Page [page id: space=0, page number=316] log sequence number 1289418 is in the future! Current system log sequence number 300306.
2026-05-17  2:32:00 0 [ERROR] InnoDB: Your database may be corrupt or you may have copied the InnoDB tablespace but not the InnoDB log files. Please refer to https://mariadb.com/kb/en/library/innodb-recovery-modes/ for information about forcing recovery.
2026-05-17  2:32:00 0 [ERROR] InnoDB: Page [page id: space=0, page number=53] log sequence number 1289457 is in the future! Current system log sequence number 300306.
2026-05-17  2:32:00 0 [ERROR] InnoDB: Your database may be corrupt or you may have copied the InnoDB tablespace but not the InnoDB log files. Please refer to https://mariadb.com/kb/en/library/innodb-recovery-modes/ for information about forcing recovery.
2026-05-17  2:32:00 0 [ERROR] InnoDB: Page [page id: space=0, page number=317] log sequence number 1289457 is in the future! Current system log sequence number 300306.
2026-05-17  2:32:00 0 [ERROR] InnoDB: Your database may be corrupt or you may have copied the InnoDB tablespace but not the InnoDB log files. Please refer to https://mariadb.com/kb/en/library/innodb-recovery-modes/ for information about forcing recovery.
2026-05-17  2:32:00 0 [ERROR] InnoDB: Page [page id: space=0, page number=54] log sequence number 1289496 is in the future! Current system log sequence number 300306.
2026-05-17  2:32:00 0 [ERROR] InnoDB: Your database may be corrupt or you may have copied the InnoDB tablespace but not the InnoDB log files. Please refer to https://mariadb.com/kb/en/library/innodb-recovery-modes/ for information about forcing recovery.
2026-05-17  2:32:00 0 [ERROR] InnoDB: Page [page id: space=0, page number=318] log sequence number 1289496 is in the future! Current system log sequence number 300306.
2026-05-17  2:32:00 0 [ERROR] InnoDB: Your database may be corrupt or you may have copied the InnoDB tablespace but not the InnoDB log files. Please refer to https://mariadb.com/kb/en/library/innodb-recovery-modes/ for information about forcing recovery.
2026-05-17  2:32:00 0 [ERROR] InnoDB: Page [page id: space=0, page number=55] log sequence number 1276751 is in the future! Current system log sequence number 300306.
2026-05-17  2:32:00 0 [ERROR] InnoDB: Your database may be corrupt or you may have copied the InnoDB tablespace but not the InnoDB log files. Please refer to https://mariadb.com/kb/en/library/innodb-recovery-modes/ for information about forcing recovery.
2026-05-17  2:32:00 0 [ERROR] InnoDB: Page [page id: space=0, page number=319] log sequence number 1276751 is in the future! Current system log sequence number 300306.
2026-05-17  2:32:00 0 [ERROR] InnoDB: Your database may be corrupt or you may have copied the InnoDB tablespace but not the InnoDB log files. Please refer to https://mariadb.com/kb/en/library/innodb-recovery-modes/ for information about forcing recovery.
2026-05-17  2:32:00 0 [ERROR] InnoDB: Page [page id: space=0, page number=56] log sequence number 1276829 is in the future! Current system log sequence number 300306.
2026-05-17  2:32:00 0 [ERROR] InnoDB: Your database may be corrupt or you may have copied the InnoDB tablespace but not the InnoDB log files. Please refer to https://mariadb.com/kb/en/library/innodb-recovery-modes/ for information about forcing recovery.
2026-05-17  2:32:00 0 [ERROR] InnoDB: Page [page id: space=0, page number=320] log sequence number 1276829 is in the future! Current system log sequence number 300306.
2026-05-17  2:32:00 0 [ERROR] InnoDB: Your database may be corrupt or you may have copied the InnoDB tablespace but not the InnoDB log files. Please refer to https://mariadb.com/kb/en/library/innodb-recovery-modes/ for information about forcing recovery.
2026-05-17  2:32:00 0 [ERROR] InnoDB: Page [page id: space=0, page number=57] log sequence number 388180 is in the future! Current system log sequence number 300306.
2026-05-17  2:32:00 0 [ERROR] InnoDB: Your database may be corrupt or you may have copied the InnoDB tablespace but not the InnoDB log files. Please refer to https://mariadb.com/kb/en/library/innodb-recovery-modes/ for information about forcing recovery.
2026-05-17  2:32:00 0 [ERROR] InnoDB: Page [page id: space=0, page number=321] log sequence number 388180 is in the future! Current system log sequence number 300306.
2026-05-17  2:32:00 0 [ERROR] InnoDB: Your database may be corrupt or you may have copied the InnoDB tablespace but not the InnoDB log files. Please refer to https://mariadb.com/kb/en/library/innodb-recovery-modes/ for information about forcing recovery.
2026-05-17  2:32:00 0 [ERROR] InnoDB: Page [page id: space=0, page number=58] log sequence number 388597 is in the future! Current system log sequence number 300306.
2026-05-17  2:32:00 0 [ERROR] InnoDB: Your database may be corrupt or you may have copied the InnoDB tablespace but not the InnoDB log files. Please refer to https://mariadb.com/kb/en/library/innodb-recovery-modes/ for information about forcing recovery.
2026-05-17  2:32:00 0 [ERROR] InnoDB: Page [page id: space=0, page number=323] log sequence number 388597 is in the future! Current system log sequence number 300306.
2026-05-17  2:32:00 0 [ERROR] InnoDB: Your database may be corrupt or you may have copied the InnoDB tablespace but not the InnoDB log files. Please refer to https://mariadb.com/kb/en/library/innodb-recovery-modes/ for information about forcing recovery.
2026-05-17  2:32:00 0 [ERROR] InnoDB: Page [page id: space=0, page number=59] log sequence number 379049 is in the future! Current system log sequence number 300306.
2026-05-17  2:32:00 0 [ERROR] InnoDB: Your database may be corrupt or you may have copied the InnoDB tablespace but not the InnoDB log files. Please refer to https://mariadb.com/kb/en/library/innodb-recovery-modes/ for information about forcing recovery.
2026-05-17  2:32:00 0 [ERROR] InnoDB: Page [page id: space=0, page number=324] log sequence number 379049 is in the future! Current system log sequence number 300306.
2026-05-17  2:32:00 0 [ERROR] InnoDB: Your database may be corrupt or you may have copied the InnoDB tablespace but not the InnoDB log files. Please refer to https://mariadb.com/kb/en/library/innodb-recovery-modes/ for information about forcing recovery.
2026-05-17  2:32:00 0 [ERROR] InnoDB: Page [page id: space=0, page number=60] log sequence number 1377865 is in the future! Current system log sequence number 300306.
2026-05-17  2:32:00 0 [ERROR] InnoDB: Your database may be corrupt or you may have copied the InnoDB tablespace but not the InnoDB log files. Please refer to https://mariadb.com/kb/en/library/innodb-recovery-modes/ for information about forcing recovery.
2026-05-17  2:32:00 0 [ERROR] InnoDB: Page [page id: space=0, page number=325] log sequence number 1377865 is in the future! Current system log sequence number 300306.
2026-05-17  2:32:00 0 [ERROR] InnoDB: Your database may be corrupt or you may have copied the InnoDB tablespace but not the InnoDB log files. Please refer to https://mariadb.com/kb/en/library/innodb-recovery-modes/ for information about forcing recovery.
2026-05-17  2:32:00 0 [ERROR] InnoDB: Page [page id: space=0, page number=61] log sequence number 1091217 is in the future! Current system log sequence number 300306.
2026-05-17  2:32:00 0 [ERROR] InnoDB: Your database may be corrupt or you may have copied the InnoDB tablespace but not the InnoDB log files. Please refer to https://mariadb.com/kb/en/library/innodb-recovery-modes/ for information about forcing recovery.
2026-05-17  2:32:00 0 [ERROR] InnoDB: Page [page id: space=0, page number=326] log sequence number 1091217 is in the future! Current system log sequence number 300306.
2026-05-17  2:32:00 0 [ERROR] InnoDB: Your database may be corrupt or you may have copied the InnoDB tablespace but not the InnoDB log files. Please refer to https://mariadb.com/kb/en/library/innodb-recovery-modes/ for information about forcing recovery.
2026-05-17  2:32:00 0 [ERROR] InnoDB: Page [page id: space=0, page number=62] log sequence number 375244 is in the future! Current system log sequence number 300306.
2026-05-17  2:32:00 0 [ERROR] InnoDB: Your database may be corrupt or you may have copied the InnoDB tablespace but not the InnoDB log files. Please refer to https://mariadb.com/kb/en/library/innodb-recovery-modes/ for information about forcing recovery.
2026-05-17  2:32:00 0 [ERROR] InnoDB: Page [page id: space=0, page number=327] log sequence number 375244 is in the future! Current system log sequence number 300306.
2026-05-17  2:32:00 0 [ERROR] InnoDB: Your database may be corrupt or you may have copied the InnoDB tablespace but not the InnoDB log files. Please refer to https://mariadb.com/kb/en/library/innodb-recovery-modes/ for information about forcing recovery.
2026-05-17  2:32:00 0 [ERROR] InnoDB: Page [page id: space=0, page number=63] log sequence number 1371634 is in the future! Current system log sequence number 300306.
2026-05-17  2:32:00 0 [ERROR] InnoDB: Your database may be corrupt or you may have copied the InnoDB tablespace but not the InnoDB log files. Please refer to https://mariadb.com/kb/en/library/innodb-recovery-modes/ for information about forcing recovery.
2026-05-17  2:32:00 0 [ERROR] InnoDB: Page [page id: space=0, page number=328] log sequence number 1371634 is in the future! Current system log sequence number 300306.
2026-05-17  2:32:00 0 [ERROR] InnoDB: Your database may be corrupt or you may have copied the InnoDB tablespace but not the InnoDB log files. Please refer to https://mariadb.com/kb/en/library/innodb-recovery-modes/ for information about forcing recovery.
2026-05-17  2:32:00 0 [ERROR] InnoDB: Page [page id: space=0, page number=192] log sequence number 1377909 is in the future! Current system log sequence number 300306.
2026-05-17  2:32:00 0 [ERROR] InnoDB: Your database may be corrupt or you may have copied the InnoDB tablespace but not the InnoDB log files. Please refer to https://mariadb.com/kb/en/library/innodb-recovery-modes/ for information about forcing recovery.
2026-05-17  2:32:00 0 [ERROR] InnoDB: Page [page id: space=0, page number=329] log sequence number 1377909 is in the future! Current system log sequence number 300306.
2026-05-17  2:32:00 0 [ERROR] InnoDB: Your database may be corrupt or you may have copied the InnoDB tablespace but not the InnoDB log files. Please refer to https://mariadb.com/kb/en/library/innodb-recovery-modes/ for information about forcing recovery.
2026-05-17  2:32:00 0 [ERROR] InnoDB: Page [page id: space=0, page number=193] log sequence number 355944 is in the future! Current system log sequence number 300306.
2026-05-17  2:32:00 0 [ERROR] InnoDB: Your database may be corrupt or you may have copied the InnoDB tablespace but not the InnoDB log files. Please refer to https://mariadb.com/kb/en/library/innodb-recovery-modes/ for information about forcing recovery.
2026-05-17  2:32:00 0 [ERROR] InnoDB: Page [page id: space=0, page number=330] log sequence number 355944 is in the future! Current system log sequence number 300306.
2026-05-17  2:32:00 0 [ERROR] InnoDB: Your database may be corrupt or you may have copied the InnoDB tablespace but not the InnoDB log files. Please refer to https://mariadb.com/kb/en/library/innodb-recovery-modes/ for information about forcing recovery.
2026-05-17  2:32:00 0 [ERROR] InnoDB: Page [page id: space=0, page number=194] log sequence number 387554 is in the future! Current system log sequence number 300306.
2026-05-17  2:32:00 0 [ERROR] InnoDB: Your database may be corrupt or you may have copied the InnoDB tablespace but not the InnoDB log files. Please refer to https://mariadb.com/kb/en/library/innodb-recovery-modes/ for information about forcing recovery.
2026-05-17  2:32:00 0 [ERROR] InnoDB: Page [page id: space=0, page number=331] log sequence number 387554 is in the future! Current system log sequence number 300306.
2026-05-17  2:32:00 0 [ERROR] InnoDB: Your database may be corrupt or you may have copied the InnoDB tablespace but not the InnoDB log files. Please refer to https://mariadb.com/kb/en/library/innodb-recovery-modes/ for information about forcing recovery.
2026-05-17  2:32:00 0 [ERROR] InnoDB: Page [page id: space=0, page number=195] log sequence number 355988 is in the future! Current system log sequence number 300306.
2026-05-17  2:32:00 0 [ERROR] InnoDB: Your database may be corrupt or you may have copied the InnoDB tablespace but not the InnoDB log files. Please refer to https://mariadb.com/kb/en/library/innodb-recovery-modes/ for information about forcing recovery.
2026-05-17  2:32:00 0 [ERROR] InnoDB: Page [page id: space=0, page number=332] log sequence number 355988 is in the future! Current system log sequence number 300306.
2026-05-17  2:32:00 0 [ERROR] InnoDB: Your database may be corrupt or you may have copied the InnoDB tablespace but not the InnoDB log files. Please refer to https://mariadb.com/kb/en/library/innodb-recovery-modes/ for information about forcing recovery.
2026-05-17  2:32:00 0 [ERROR] InnoDB: Page [page id: space=0, page number=196] log sequence number 356032 is in the future! Current system log sequence number 300306.
2026-05-17  2:32:00 0 [ERROR] InnoDB: Your database may be corrupt or you may have copied the InnoDB tablespace but not the InnoDB log files. Please refer to https://mariadb.com/kb/en/library/innodb-recovery-modes/ for information about forcing recovery.
2026-05-17  2:32:00 0 [ERROR] InnoDB: Page [page id: space=0, page number=333] log sequence number 356032 is in the future! Current system log sequence number 300306.
2026-05-17  2:32:00 0 [ERROR] InnoDB: Your database may be corrupt or you may have copied the InnoDB tablespace but not the InnoDB log files. Please refer to https://mariadb.com/kb/en/library/innodb-recovery-modes/ for information about forcing recovery.
2026-05-17  2:32:00 0 [ERROR] InnoDB: Page [page id: space=0, page number=197] log sequence number 356076 is in the future! Current system log sequence number 300306.
2026-05-17  2:32:00 0 [ERROR] InnoDB: Your database may be corrupt or you may have copied the InnoDB tablespace but not the InnoDB log files. Please refer to https://mariadb.com/kb/en/library/innodb-recovery-modes/ for information about forcing recovery.
2026-05-17  2:32:00 0 [ERROR] InnoDB: Page [page id: space=0, page number=334] log sequence number 356076 is in the future! Current system log sequence number 300306.
2026-05-17  2:32:00 0 [ERROR] InnoDB: Your database may be corrupt or you may have copied the InnoDB tablespace but not the InnoDB log files. Please refer to https://mariadb.com/kb/en/library/innodb-recovery-modes/ for information about forcing recovery.
2026-05-17  2:32:00 0 [ERROR] InnoDB: Page [page id: space=0, page number=198] log sequence number 351196 is in the future! Current system log sequence number 300306.
2026-05-17  2:32:00 0 [ERROR] InnoDB: Your database may be corrupt or you may have copied the InnoDB tablespace but not the InnoDB log files. Please refer to https://mariadb.com/kb/en/library/innodb-recovery-modes/ for information about forcing recovery.
2026-05-17  2:32:00 0 [ERROR] InnoDB: Page [page id: space=0, page number=335] log sequence number 351196 is in the future! Current system log sequence number 300306.
2026-05-17  2:32:00 0 [ERROR] InnoDB: Your database may be corrupt or you may have copied the InnoDB tablespace but not the InnoDB log files. Please refer to https://mariadb.com/kb/en/library/innodb-recovery-modes/ for information about forcing recovery.
2026-05-17  2:32:00 0 [ERROR] InnoDB: Page [page id: space=0, page number=199] log sequence number 351256 is in the future! Current system log sequence number 300306.
2026-05-17  2:32:00 0 [ERROR] InnoDB: Your database may be corrupt or you may have copied the InnoDB tablespace but not the InnoDB log files. Please refer to https://mariadb.com/kb/en/library/innodb-recovery-modes/ for information about forcing recovery.
2026-05-17  2:32:00 0 [ERROR] InnoDB: Page [page id: space=0, page number=336] log sequence number 351256 is in the future! Current system log sequence number 300306.
2026-05-17  2:32:00 0 [ERROR] InnoDB: Your database may be corrupt or you may have copied the InnoDB tablespace but not the InnoDB log files. Please refer to https://mariadb.com/kb/en/library/innodb-recovery-modes/ for information about forcing recovery.
2026-05-17  2:32:00 0 [ERROR] InnoDB: Page [page id: space=0, page number=200] log sequence number 1372002 is in the future! Current system log sequence number 300306.
2026-05-17  2:32:00 0 [ERROR] InnoDB: Your database may be corrupt or you may have copied the InnoDB tablespace but not the InnoDB log files. Please refer to https://mariadb.com/kb/en/library/innodb-recovery-modes/ for information about forcing recovery.
2026-05-17  2:32:00 0 [ERROR] InnoDB: Page [page id: space=0, page number=337] log sequence number 1372002 is in the future! Current system log sequence number 300306.
2026-05-17  2:32:00 0 [ERROR] InnoDB: Your database may be corrupt or you may have copied the InnoDB tablespace but not the InnoDB log files. Please refer to https://mariadb.com/kb/en/library/innodb-recovery-modes/ for information about forcing recovery.
2026-05-17  2:32:00 0 [ERROR] InnoDB: Page [page id: space=0, page number=201] log sequence number 351300 is in the future! Current system log sequence number 300306.
2026-05-17  2:32:00 0 [ERROR] InnoDB: Your database may be corrupt or you may have copied the InnoDB tablespace but not the InnoDB log files. Please refer to https://mariadb.com/kb/en/library/innodb-recovery-modes/ for information about forcing recovery.
2026-05-17  2:32:00 0 [ERROR] InnoDB: Page [page id: space=0, page number=338] log sequence number 351300 is in the future! Current system log sequence number 300306.
2026-05-17  2:32:00 0 [ERROR] InnoDB: Your database may be corrupt or you may have copied the InnoDB tablespace but not the InnoDB log files. Please refer to https://mariadb.com/kb/en/library/innodb-recovery-modes/ for information about forcing recovery.
2026-05-17  2:32:00 0 [ERROR] InnoDB: Page [page id: space=0, page number=202] log sequence number 351344 is in the future! Current system log sequence number 300306.
2026-05-17  2:32:00 0 [ERROR] InnoDB: Your database may be corrupt or you may have copied the InnoDB tablespace but not the InnoDB log files. Please refer to https://mariadb.com/kb/en/library/innodb-recovery-modes/ for information about forcing recovery.
2026-05-17  2:32:00 0 [ERROR] InnoDB: Page [page id: space=0, page number=339] log sequence number 351344 is in the future! Current system log sequence number 300306.
2026-05-17  2:32:00 0 [ERROR] InnoDB: Your database may be corrupt or you may have copied the InnoDB tablespace but not the InnoDB log files. Please refer to https://mariadb.com/kb/en/library/innodb-recovery-modes/ for information about forcing recovery.
2026-05-17  2:32:00 0 [ERROR] InnoDB: Page [page id: space=0, page number=203] log sequence number 1295905 is in the future! Current system log sequence number 300306.
2026-05-17  2:32:00 0 [ERROR] InnoDB: Your database may be corrupt or you may have copied the InnoDB tablespace but not the InnoDB log files. Please refer to https://mariadb.com/kb/en/library/innodb-recovery-modes/ for information about forcing recovery.
2026-05-17  2:32:00 0 [ERROR] InnoDB: Page [page id: space=0, page number=340] log sequence number 1295905 is in the future! Current system log sequence number 300306.
2026-05-17  2:32:00 0 [ERROR] InnoDB: Your database may be corrupt or you may have copied the InnoDB tablespace but not the InnoDB log files. Please refer to https://mariadb.com/kb/en/library/innodb-recovery-modes/ for information about forcing recovery.
2026-05-17  2:32:00 0 [ERROR] InnoDB: Page [page id: space=0, page number=204] log sequence number 351388 is in the future! Current system log sequence number 300306.
2026-05-17  2:32:00 0 [ERROR] InnoDB: Your database may be corrupt or you may have copied the InnoDB tablespace but not the InnoDB log files. Please refer to https://mariadb.com/kb/en/library/innodb-recovery-modes/ for information about forcing recovery.
2026-05-17  2:32:00 0 [ERROR] InnoDB: Page [page id: space=0, page number=341] log sequence number 351388 is in the future! Current system log sequence number 300306.
2026-05-17  2:32:00 0 [ERROR] InnoDB: Your database may be corrupt or you may have copied the InnoDB tablespace but not the InnoDB log files. Please refer to https://mariadb.com/kb/en/library/innodb-recovery-modes/ for information about forcing recovery.
2026-05-17  2:32:00 0 [ERROR] InnoDB: Page [page id: space=0, page number=205] log sequence number 351432 is in the future! Current system log sequence number 300306.
2026-05-17  2:32:00 0 [ERROR] InnoDB: Your database may be corrupt or you may have copied the InnoDB tablespace but not the InnoDB log files. Please refer to https://mariadb.com/kb/en/library/innodb-recovery-modes/ for information about forcing recovery.
2026-05-17  2:32:00 0 [ERROR] InnoDB: Page [page id: space=0, page number=342] log sequence number 351432 is in the future! Current system log sequence number 300306.
2026-05-17  2:32:00 0 [ERROR] InnoDB: Your database may be corrupt or you may have copied the InnoDB tablespace but not the InnoDB log files. Please refer to https://mariadb.com/kb/en/library/innodb-recovery-modes/ for information about forcing recovery.
2026-05-17  2:32:00 0 [ERROR] InnoDB: Page [page id: space=0, page number=206] log sequence number 1372134 is in the future! Current system log sequence number 300306.
2026-05-17  2:32:00 0 [ERROR] InnoDB: Your database may be corrupt or you may have copied the InnoDB tablespace but not the InnoDB log files. Please refer to https://mariadb.com/kb/en/library/innodb-recovery-modes/ for information about forcing recovery.
2026-05-17  2:32:00 0 [ERROR] InnoDB: Page [page id: space=0, page number=343] log sequence number 1372134 is in the future! Current system log sequence number 300306.
2026-05-17  2:32:00 0 [ERROR] InnoDB: Your database may be corrupt or you may have copied the InnoDB tablespace but not the InnoDB log files. Please refer to https://mariadb.com/kb/en/library/innodb-recovery-modes/ for information about forcing recovery.
2026-05-17  2:32:00 0 [ERROR] InnoDB: Page [page id: space=0, page number=207] log sequence number 351476 is in the future! Current system log sequence number 300306.
2026-05-17  2:32:00 0 [ERROR] InnoDB: Your database may be corrupt or you may have copied the InnoDB tablespace but not the InnoDB log files. Please refer to https://mariadb.com/kb/en/library/innodb-recovery-modes/ for information about forcing recovery.
2026-05-17  2:32:00 0 [ERROR] InnoDB: Page [page id: space=0, page number=344] log sequence number 351476 is in the future! Current system log sequence number 300306.
2026-05-17  2:32:00 0 [ERROR] InnoDB: Your database may be corrupt or you may have copied the InnoDB tablespace but not the InnoDB log files. Please refer to https://mariadb.com/kb/en/library/innodb-recovery-modes/ for information about forcing recovery.
2026-05-17  2:32:00 0 [ERROR] InnoDB: Page [page id: space=0, page number=208] log sequence number 351520 is in the future! Current system log sequence number 300306.
2026-05-17  2:32:00 0 [ERROR] InnoDB: Your database may be corrupt or you may have copied the InnoDB tablespace but not the InnoDB log files. Please refer to https://mariadb.com/kb/en/library/innodb-recovery-modes/ for information about forcing recovery.
2026-05-17  2:32:00 0 [ERROR] InnoDB: Page [page id: space=0, page number=345] log sequence number 351520 is in the future! Current system log sequence number 300306.
2026-05-17  2:32:00 0 [ERROR] InnoDB: Your database may be corrupt or you may have copied the InnoDB tablespace but not the InnoDB log files. Please refer to https://mariadb.com/kb/en/library/innodb-recovery-modes/ for information about forcing recovery.
2026-05-17  2:32:00 0 [ERROR] InnoDB: Page [page id: space=0, page number=209] log sequence number 1335587 is in the future! Current system log sequence number 300306.
2026-05-17  2:32:00 0 [ERROR] InnoDB: Your database may be corrupt or you may have copied the InnoDB tablespace but not the InnoDB log files. Please refer to https://mariadb.com/kb/en/library/innodb-recovery-modes/ for information about forcing recovery.
2026-05-17  2:32:00 0 [ERROR] InnoDB: Page [page id: space=0, page number=346] log sequence number 1335587 is in the future! Current system log sequence number 300306.
2026-05-17  2:32:00 0 [ERROR] InnoDB: Your database may be corrupt or you may have copied the InnoDB tablespace but not the InnoDB log files. Please refer to https://mariadb.com/kb/en/library/innodb-recovery-modes/ for information about forcing recovery.
2026-05-17  2:32:00 0 [ERROR] InnoDB: Page [page id: space=0, page number=210] log sequence number 376243 is in the future! Current system log sequence number 300306.
2026-05-17  2:32:00 0 [ERROR] InnoDB: Your database may be corrupt or you may have copied the InnoDB tablespace but not the InnoDB log files. Please refer to https://mariadb.com/kb/en/library/innodb-recovery-modes/ for information about forcing recovery.
2026-05-17  2:32:00 0 [ERROR] InnoDB: Page [page id: space=0, page number=347] log sequence number 376243 is in the future! Current system log sequence number 300306.
2026-05-17  2:32:00 0 [ERROR] InnoDB: Your database may be corrupt or you may have copied the InnoDB tablespace but not the InnoDB log files. Please refer to https://mariadb.com/kb/en/library/innodb-recovery-modes/ for information about forcing recovery.
2026-05-17  2:32:00 0 [ERROR] InnoDB: Page [page id: space=0, page number=211] log sequence number 360667 is in the future! Current system log sequence number 300306.
2026-05-17  2:32:00 0 [ERROR] InnoDB: Your database may be corrupt or you may have copied the InnoDB tablespace but not the InnoDB log files. Please refer to https://mariadb.com/kb/en/library/innodb-recovery-modes/ for information about forcing recovery.
2026-05-17  2:32:00 0 [ERROR] InnoDB: Page [page id: space=0, page number=348] log sequence number 360667 is in the future! Current system log sequence number 300306.
2026-05-17  2:32:00 0 [ERROR] InnoDB: Your database may be corrupt or you may have copied the InnoDB tablespace but not the InnoDB log files. Please refer to https://mariadb.com/kb/en/library/innodb-recovery-modes/ for information about forcing recovery.
2026-05-17  2:32:00 0 [ERROR] InnoDB: Page [page id: space=0, page number=212] log sequence number 360711 is in the future! Current system log sequence number 300306.
2026-05-17  2:32:00 0 [ERROR] InnoDB: Your database may be corrupt or you may have copied the InnoDB tablespace but not the InnoDB log files. Please refer to https://mariadb.com/kb/en/library/innodb-recovery-modes/ for information about forcing recovery.
2026-05-17  2:32:00 0 [ERROR] InnoDB: Page [page id: space=0, page number=349] log sequence number 360711 is in the future! Current system log sequence number 300306.
2026-05-17  2:32:00 0 [ERROR] InnoDB: Your database may be corrupt or you may have copied the InnoDB tablespace but not the InnoDB log files. Please refer to https://mariadb.com/kb/en/library/innodb-recovery-modes/ for information about forcing recovery.
2026-05-17  2:32:00 0 [ERROR] InnoDB: Page [page id: space=0, page number=213] log sequence number 387614 is in the future! Current system log sequence number 300306.
2026-05-17  2:32:00 0 [ERROR] InnoDB: Your database may be corrupt or you may have copied the InnoDB tablespace but not the InnoDB log files. Please refer to https://mariadb.com/kb/en/library/innodb-recovery-modes/ for information about forcing recovery.
2026-05-17  2:32:00 0 [ERROR] InnoDB: Page [page id: space=0, page number=350] log sequence number 387614 is in the future! Current system log sequence number 300306.
2026-05-17  2:32:00 0 [ERROR] InnoDB: Your database may be corrupt or you may have copied the InnoDB tablespace but not the InnoDB log files. Please refer to https://mariadb.com/kb/en/library/innodb-recovery-modes/ for information about forcing recovery.
2026-05-17  2:32:00 0 [ERROR] InnoDB: Page [page id: space=0, page number=214] log sequence number 380257 is in the future! Current system log sequence number 300306.
2026-05-17  2:32:00 0 [ERROR] InnoDB: Your database may be corrupt or you may have copied the InnoDB tablespace but not the InnoDB log files. Please refer to https://mariadb.com/kb/en/library/innodb-recovery-modes/ for information about forcing recovery.
2026-05-17  2:32:00 0 [ERROR] InnoDB: Page [page id: space=0, page number=351] log sequence number 380257 is in the future! Current system log sequence number 300306.
2026-05-17  2:32:00 0 [ERROR] InnoDB: Your database may be corrupt or you may have copied the InnoDB tablespace but not the InnoDB log files. Please refer to https://mariadb.com/kb/en/library/innodb-recovery-modes/ for information about forcing recovery.
2026-05-17  2:32:00 0 [ERROR] InnoDB: Page [page id: space=0, page number=215] log sequence number 387658 is in the future! Current system log sequence number 300306.
2026-05-17  2:32:00 0 [ERROR] InnoDB: Your database may be corrupt or you may have copied the InnoDB tablespace but not the InnoDB log files. Please refer to https://mariadb.com/kb/en/library/innodb-recovery-modes/ for information about forcing recovery.
2026-05-17  2:32:00 0 [ERROR] InnoDB: Page [page id: space=0, page number=352] log sequence number 387658 is in the future! Current system log sequence number 300306.
2026-05-17  2:32:00 0 [ERROR] InnoDB: Your database may be corrupt or you may have copied the InnoDB tablespace but not the InnoDB log files. Please refer to https://mariadb.com/kb/en/library/innodb-recovery-modes/ for information about forcing recovery.
2026-05-17  2:32:00 0 [ERROR] InnoDB: Page [page id: space=0, page number=216] log sequence number 382142 is in the future! Current system log sequence number 300306.
2026-05-17  2:32:00 0 [ERROR] InnoDB: Your database may be corrupt or you may have copied the InnoDB tablespace but not the InnoDB log files. Please refer to https://mariadb.com/kb/en/library/innodb-recovery-modes/ for information about forcing recovery.
2026-05-17  2:32:00 0 [ERROR] InnoDB: Page [page id: space=0, page number=353] log sequence number 382142 is in the future! Current system log sequence number 300306.
2026-05-17  2:32:00 0 [ERROR] InnoDB: Your database may be corrupt or you may have copied the InnoDB tablespace but not the InnoDB log files. Please refer to https://mariadb.com/kb/en/library/innodb-recovery-modes/ for information about forcing recovery.
2026-05-17  2:32:00 0 [ERROR] InnoDB: Page [page id: space=0, page number=217] log sequence number 382186 is in the future! Current system log sequence number 300306.
2026-05-17  2:32:00 0 [ERROR] InnoDB: Your database may be corrupt or you may have copied the InnoDB tablespace but not the InnoDB log files. Please refer to https://mariadb.com/kb/en/library/innodb-recovery-modes/ for information about forcing recovery.
2026-05-17  2:32:00 0 [ERROR] InnoDB: Page [page id: space=0, page number=354] log sequence number 382186 is in the future! Current system log sequence number 300306.
2026-05-17  2:32:00 0 [ERROR] InnoDB: Your database may be corrupt or you may have copied the InnoDB tablespace but not the InnoDB log files. Please refer to https://mariadb.com/kb/en/library/innodb-recovery-modes/ for information about forcing recovery.
2026-05-17  2:32:00 0 [ERROR] InnoDB: Page [page id: space=0, page number=218] log sequence number 385172 is in the future! Current system log sequence number 300306.
2026-05-17  2:32:00 0 [ERROR] InnoDB: Your database may be corrupt or you may have copied the InnoDB tablespace but not the InnoDB log files. Please refer to https://mariadb.com/kb/en/library/innodb-recovery-modes/ for information about forcing recovery.
2026-05-17  2:32:00 0 [ERROR] InnoDB: Page [page id: space=0, page number=355] log sequence number 385172 is in the future! Current system log sequence number 300306.
2026-05-17  2:32:00 0 [ERROR] InnoDB: Your database may be corrupt or you may have copied the InnoDB tablespace but not the InnoDB log files. Please refer to https://mariadb.com/kb/en/library/innodb-recovery-modes/ for information about forcing recovery.
2026-05-17  2:32:00 0 [ERROR] InnoDB: Page [page id: space=0, page number=219] log sequence number 378064 is in the future! Current system log sequence number 300306.
2026-05-17  2:32:00 0 [ERROR] InnoDB: Your database may be corrupt or you may have copied the InnoDB tablespace but not the InnoDB log files. Please refer to https://mariadb.com/kb/en/library/innodb-recovery-modes/ for information about forcing recovery.
2026-05-17  2:32:00 0 [ERROR] InnoDB: Page [page id: space=0, page number=356] log sequence number 378064 is in the future! Current system log sequence number 300306.
2026-05-17  2:32:00 0 [ERROR] InnoDB: Your database may be corrupt or you may have copied the InnoDB tablespace but not the InnoDB log files. Please refer to https://mariadb.com/kb/en/library/innodb-recovery-modes/ for information about forcing recovery.
2026-05-17  2:32:00 0 [ERROR] InnoDB: Page [page id: space=0, page number=220] log sequence number 385216 is in the future! Current system log sequence number 300306.
2026-05-17  2:32:00 0 [ERROR] InnoDB: Your database may be corrupt or you may have copied the InnoDB tablespace but not the InnoDB log files. Please refer to https://mariadb.com/kb/en/library/innodb-recovery-modes/ for information about forcing recovery.
2026-05-17  2:32:00 0 [ERROR] InnoDB: Page [page id: space=0, page number=357] log sequence number 385216 is in the future! Current system log sequence number 300306.
2026-05-17  2:32:00 0 [ERROR] InnoDB: Your database may be corrupt or you may have copied the InnoDB tablespace but not the InnoDB log files. Please refer to https://mariadb.com/kb/en/library/innodb-recovery-modes/ for information about forcing recovery.
2026-05-17  2:32:00 0 [ERROR] InnoDB: Page [page id: space=0, page number=221] log sequence number 1335955 is in the future! Current system log sequence number 300306.
2026-05-17  2:32:00 0 [ERROR] InnoDB: Your database may be corrupt or you may have copied the InnoDB tablespace but not the InnoDB log files. Please refer to https://mariadb.com/kb/en/library/innodb-recovery-modes/ for information about forcing recovery.
2026-05-17  2:32:00 0 [ERROR] InnoDB: Page [page id: space=0, page number=358] log sequence number 1335955 is in the future! Current system log sequence number 300306.
2026-05-17  2:32:00 0 [ERROR] InnoDB: Your database may be corrupt or you may have copied the InnoDB tablespace but not the InnoDB log files. Please refer to https://mariadb.com/kb/en/library/innodb-recovery-modes/ for information about forcing recovery.
2026-05-17  2:32:00 0 [ERROR] InnoDB: Page [page id: space=0, page number=222] log sequence number 385260 is in the future! Current system log sequence number 300306.
2026-05-17  2:32:00 0 [ERROR] InnoDB: Your database may be corrupt or you may have copied the InnoDB tablespace but not the InnoDB log files. Please refer to https://mariadb.com/kb/en/library/innodb-recovery-modes/ for information about forcing recovery.
2026-05-17  2:32:00 0 [ERROR] InnoDB: Page [page id: space=0, page number=359] log sequence number 385260 is in the future! Current system log sequence number 300306.
2026-05-17  2:32:00 0 [ERROR] InnoDB: Your database may be corrupt or you may have copied the InnoDB tablespace but not the InnoDB log files. Please refer to https://mariadb.com/kb/en/library/innodb-recovery-modes/ for information about forcing recovery.
2026-05-17  2:32:00 0 [ERROR] InnoDB: Page [page id: space=0, page number=223] log sequence number 385304 is in the future! Current system log sequence number 300306.
2026-05-17  2:32:00 0 [ERROR] InnoDB: Your database may be corrupt or you may have copied the InnoDB tablespace but not the InnoDB log files. Please refer to https://mariadb.com/kb/en/library/innodb-recovery-modes/ for information about forcing recovery.
2026-05-17  2:32:00 0 [ERROR] InnoDB: Page [page id: space=0, page number=360] log sequence number 385304 is in the future! Current system log sequence number 300306.
2026-05-17  2:32:00 0 [ERROR] InnoDB: Your database may be corrupt or you may have copied the InnoDB tablespace but not the InnoDB log files. Please refer to https://mariadb.com/kb/en/library/innodb-recovery-modes/ for information about forcing recovery.
2026-05-17  2:32:00 0 [ERROR] InnoDB: Page [page id: space=0, page number=224] log sequence number 385348 is in the future! Current system log sequence number 300306.
2026-05-17  2:32:00 0 [ERROR] InnoDB: Your database may be corrupt or you may have copied the InnoDB tablespace but not the InnoDB log files. Please refer to https://mariadb.com/kb/en/library/innodb-recovery-modes/ for information about forcing recovery.
2026-05-17  2:32:00 0 [ERROR] InnoDB: Page [page id: space=0, page number=361] log sequence number 385348 is in the future! Current system log sequence number 300306.
2026-05-17  2:32:00 0 [ERROR] InnoDB: Your database may be corrupt or you may have copied the InnoDB tablespace but not the InnoDB log files. Please refer to https://mariadb.com/kb/en/library/innodb-recovery-modes/ for information about forcing recovery.
2026-05-17  2:32:00 0 [ERROR] InnoDB: Page [page id: space=0, page number=225] log sequence number 386087 is in the future! Current system log sequence number 300306.
2026-05-17  2:32:00 0 [ERROR] InnoDB: Your database may be corrupt or you may have copied the InnoDB tablespace but not the InnoDB log files. Please refer to https://mariadb.com/kb/en/library/innodb-recovery-modes/ for information about forcing recovery.
2026-05-17  2:32:00 0 [ERROR] InnoDB: Page [page id: space=0, page number=362] log sequence number 386087 is in the future! Current system log sequence number 300306.
2026-05-17  2:32:00 0 [ERROR] InnoDB: Your database may be corrupt or you may have copied the InnoDB tablespace but not the InnoDB log files. Please refer to https://mariadb.com/kb/en/library/innodb-recovery-modes/ for information about forcing recovery.
2026-05-17  2:32:00 0 [ERROR] InnoDB: Page [page id: space=0, page number=226] log sequence number 360931 is in the future! Current system log sequence number 300306.
2026-05-17  2:32:00 0 [ERROR] InnoDB: Your database may be corrupt or you may have copied the InnoDB tablespace but not the InnoDB log files. Please refer to https://mariadb.com/kb/en/library/innodb-recovery-modes/ for information about forcing recovery.
2026-05-17  2:32:00 0 [ERROR] InnoDB: Page [page id: space=0, page number=363] log sequence number 360931 is in the future! Current system log sequence number 300306.
2026-05-17  2:32:00 0 [ERROR] InnoDB: Your database may be corrupt or you may have copied the InnoDB tablespace but not the InnoDB log files. Please refer to https://mariadb.com/kb/en/library/innodb-recovery-modes/ for information about forcing recovery.
2026-05-17  2:32:00 0 [ERROR] InnoDB: Page [page id: space=0, page number=227] log sequence number 372722 is in the future! Current system log sequence number 300306.
2026-05-17  2:32:00 0 [ERROR] InnoDB: Your database may be corrupt or you may have copied the InnoDB tablespace but not the InnoDB log files. Please refer to https://mariadb.com/kb/en/library/innodb-recovery-modes/ for information about forcing recovery.
2026-05-17  2:32:00 0 [ERROR] InnoDB: Page [page id: space=0, page number=364] log sequence number 372722 is in the future! Current system log sequence number 300306.
2026-05-17  2:32:00 0 [ERROR] InnoDB: Your database may be corrupt or you may have copied the InnoDB tablespace but not the InnoDB log files. Please refer to https://mariadb.com/kb/en/library/innodb-recovery-modes/ for information about forcing recovery.
2026-05-17  2:32:00 0 [ERROR] InnoDB: Page [page id: space=0, page number=228] log sequence number 372782 is in the future! Current system log sequence number 300306.
2026-05-17  2:32:00 0 [ERROR] InnoDB: Your database may be corrupt or you may have copied the InnoDB tablespace but not the InnoDB log files. Please refer to https://mariadb.com/kb/en/library/innodb-recovery-modes/ for information about forcing recovery.
2026-05-17  2:32:00 0 [ERROR] InnoDB: Page [page id: space=0, page number=365] log sequence number 372782 is in the future! Current system log sequence number 300306.
2026-05-17  2:32:00 0 [ERROR] InnoDB: Your database may be corrupt or you may have copied the InnoDB tablespace but not the InnoDB log files. Please refer to https://mariadb.com/kb/en/library/innodb-recovery-modes/ for information about forcing recovery.
2026-05-17  2:32:00 0 [ERROR] InnoDB: Page [page id: space=0, page number=229] log sequence number 372826 is in the future! Current system log sequence number 300306.
2026-05-17  2:32:00 0 [ERROR] InnoDB: Your database may be corrupt or you may have copied the InnoDB tablespace but not the InnoDB log files. Please refer to https://mariadb.com/kb/en/library/innodb-recovery-modes/ for information about forcing recovery.
2026-05-17  2:32:00 0 [ERROR] InnoDB: Page [page id: space=0, page number=366] log sequence number 372826 is in the future! Current system log sequence number 300306.
2026-05-17  2:32:00 0 [ERROR] InnoDB: Your database may be corrupt or you may have copied the InnoDB tablespace but not the InnoDB log files. Please refer to https://mariadb.com/kb/en/library/innodb-recovery-modes/ for information about forcing recovery.
2026-05-17  2:32:00 0 [ERROR] InnoDB: Page [page id: space=0, page number=230] log sequence number 372870 is in the future! Current system log sequence number 300306.
2026-05-17  2:32:00 0 [ERROR] InnoDB: Your database may be corrupt or you may have copied the InnoDB tablespace but not the InnoDB log files. Please refer to https://mariadb.com/kb/en/library/innodb-recovery-modes/ for information about forcing recovery.
2026-05-17  2:32:00 0 [ERROR] InnoDB: Page [page id: space=0, page number=367] log sequence number 372870 is in the future! Current system log sequence number 300306.
2026-05-17  2:32:00 0 [ERROR] InnoDB: Your database may be corrupt or you may have copied the InnoDB tablespace but not the InnoDB log files. Please refer to https://mariadb.com/kb/en/library/innodb-recovery-modes/ for information about forcing recovery.
2026-05-17  2:32:00 0 [ERROR] InnoDB: Page [page id: space=0, page number=231] log sequence number 372914 is in the future! Current system log sequence number 300306.
2026-05-17  2:32:00 0 [ERROR] InnoDB: Your database may be corrupt or you may have copied the InnoDB tablespace but not the InnoDB log files. Please refer to https://mariadb.com/kb/en/library/innodb-recovery-modes/ for information about forcing recovery.
2026-05-17  2:32:00 0 [ERROR] InnoDB: Page [page id: space=0, page number=368] log sequence number 372914 is in the future! Current system log sequence number 300306.
2026-05-17  2:32:00 0 [ERROR] InnoDB: Your database may be corrupt or you may have copied the InnoDB tablespace but not the InnoDB log files. Please refer to https://mariadb.com/kb/en/library/innodb-recovery-modes/ for information about forcing recovery.
2026-05-17  2:32:00 0 [ERROR] InnoDB: Page [page id: space=0, page number=232] log sequence number 372958 is in the future! Current system log sequence number 300306.
2026-05-17  2:32:00 0 [ERROR] InnoDB: Your database may be corrupt or you may have copied the InnoDB tablespace but not the InnoDB log files. Please refer to https://mariadb.com/kb/en/library/innodb-recovery-modes/ for information about forcing recovery.
2026-05-17  2:32:00 0 [ERROR] InnoDB: Page [page id: space=0, page number=373] log sequence number 372958 is in the future! Current system log sequence number 300306.
2026-05-17  2:32:00 0 [ERROR] InnoDB: Your database may be corrupt or you may have copied the InnoDB tablespace but not the InnoDB log files. Please refer to https://mariadb.com/kb/en/library/innodb-recovery-modes/ for information about forcing recovery.
2026-05-17  2:32:00 0 [ERROR] InnoDB: Page [page id: space=0, page number=233] log sequence number 373002 is in the future! Current system log sequence number 300306.
2026-05-17  2:32:00 0 [ERROR] InnoDB: Your database may be corrupt or you may have copied the InnoDB tablespace but not the InnoDB log files. Please refer to https://mariadb.com/kb/en/library/innodb-recovery-modes/ for information about forcing recovery.
2026-05-17  2:32:00 0 [ERROR] InnoDB: Page [page id: space=0, page number=437] log sequence number 373002 is in the future! Current system log sequence number 300306.
2026-05-17  2:32:00 0 [ERROR] InnoDB: Your database may be corrupt or you may have copied the InnoDB tablespace but not the InnoDB log files. Please refer to https://mariadb.com/kb/en/library/innodb-recovery-modes/ for information about forcing recovery.
2026-05-17  2:32:00 0 [ERROR] InnoDB: Page [page id: space=0, page number=234] log sequence number 373046 is in the future! Current system log sequence number 300306.
2026-05-17  2:32:00 0 [ERROR] InnoDB: Your database may be corrupt or you may have copied the InnoDB tablespace but not the InnoDB log files. Please refer to https://mariadb.com/kb/en/library/innodb-recovery-modes/ for information about forcing recovery.
2026-05-17  2:32:00 0 [ERROR] InnoDB: Page [page id: space=0, page number=374] log sequence number 373046 is in the future! Current system log sequence number 300306.
2026-05-17  2:32:00 0 [ERROR] InnoDB: Your database may be corrupt or you may have copied the InnoDB tablespace but not the InnoDB log files. Please refer to https://mariadb.com/kb/en/library/innodb-recovery-modes/ for information about forcing recovery.
2026-05-17  2:32:00 0 [ERROR] InnoDB: Page [page id: space=0, page number=235] log sequence number 373090 is in the future! Current system log sequence number 300306.
2026-05-17  2:32:00 0 [ERROR] InnoDB: Your database may be corrupt or you may have copied the InnoDB tablespace but not the InnoDB log files. Please refer to https://mariadb.com/kb/en/library/innodb-recovery-modes/ for information about forcing recovery.
2026-05-17  2:32:00 0 [ERROR] InnoDB: Page [page id: space=0, page number=375] log sequence number 373090 is in the future! Current system log sequence number 300306.
2026-05-17  2:32:00 0 [ERROR] InnoDB: Your database may be corrupt or you may have copied the InnoDB tablespace but not the InnoDB log files. Please refer to https://mariadb.com/kb/en/library/innodb-recovery-modes/ for information about forcing recovery.
2026-05-17  2:32:00 0 [ERROR] InnoDB: Page [page id: space=0, page number=236] log sequence number 1220017 is in the future! Current system log sequence number 300306.
2026-05-17  2:32:00 0 [ERROR] InnoDB: Your database may be corrupt or you may have copied the InnoDB tablespace but not the InnoDB log files. Please refer to https://mariadb.com/kb/en/library/innodb-recovery-modes/ for information about forcing recovery.
2026-05-17  2:32:00 0 [ERROR] InnoDB: Page [page id: space=0, page number=376] log sequence number 1220017 is in the future! Current system log sequence number 300306.
2026-05-17  2:32:00 0 [ERROR] InnoDB: Your database may be corrupt or you may have copied the InnoDB tablespace but not the InnoDB log files. Please refer to https://mariadb.com/kb/en/library/innodb-recovery-modes/ for information about forcing recovery.
2026-05-17  2:32:00 0 [ERROR] InnoDB: Page [page id: space=0, page number=237] log sequence number 373134 is in the future! Current system log sequence number 300306.
2026-05-17  2:32:00 0 [ERROR] InnoDB: Your database may be corrupt or you may have copied the InnoDB tablespace but not the InnoDB log files. Please refer to https://mariadb.com/kb/en/library/innodb-recovery-modes/ for information about forcing recovery.
2026-05-17  2:32:00 0 [ERROR] InnoDB: Page [page id: space=0, page number=377] log sequence number 373134 is in the future! Current system log sequence number 300306.
2026-05-17  2:32:00 0 [ERROR] InnoDB: Your database may be corrupt or you may have copied the InnoDB tablespace but not the InnoDB log files. Please refer to https://mariadb.com/kb/en/library/innodb-recovery-modes/ for information about forcing recovery.
2026-05-17  2:32:00 0 [ERROR] InnoDB: Page [page id: space=0, page number=238] log sequence number 373178 is in the future! Current system log sequence number 300306.
2026-05-17  2:32:00 0 [ERROR] InnoDB: Your database may be corrupt or you may have copied the InnoDB tablespace but not the InnoDB log files. Please refer to https://mariadb.com/kb/en/library/innodb-recovery-modes/ for information about forcing recovery.
2026-05-17  2:32:00 0 [ERROR] InnoDB: Page [page id: space=0, page number=378] log sequence number 373178 is in the future! Current system log sequence number 300306.
2026-05-17  2:32:00 0 [ERROR] InnoDB: Your database may be corrupt or you may have copied the InnoDB tablespace but not the InnoDB log files. Please refer to https://mariadb.com/kb/en/library/innodb-recovery-modes/ for information about forcing recovery.
2026-05-17  2:32:00 0 [ERROR] InnoDB: Page [page id: space=0, page number=239] log sequence number 373222 is in the future! Current system log sequence number 300306.
2026-05-17  2:32:00 0 [ERROR] InnoDB: Your database may be corrupt or you may have copied the InnoDB tablespace but not the InnoDB log files. Please refer to https://mariadb.com/kb/en/library/innodb-recovery-modes/ for information about forcing recovery.
2026-05-17  2:32:00 0 [ERROR] InnoDB: Page [page id: space=0, page number=379] log sequence number 373222 is in the future! Current system log sequence number 300306.
2026-05-17  2:32:00 0 [ERROR] InnoDB: Your database may be corrupt or you may have copied the InnoDB tablespace but not the InnoDB log files. Please refer to https://mariadb.com/kb/en/library/innodb-recovery-modes/ for information about forcing recovery.
2026-05-17  2:32:00 0 [ERROR] InnoDB: Page [page id: space=0, page number=240] log sequence number 373282 is in the future! Current system log sequence number 300306.
2026-05-17  2:32:00 0 [ERROR] InnoDB: Your database may be corrupt or you may have copied the InnoDB tablespace but not the InnoDB log files. Please refer to https://mariadb.com/kb/en/library/innodb-recovery-modes/ for information about forcing recovery.
2026-05-17  2:32:00 0 [ERROR] InnoDB: Page [page id: space=0, page number=369] log sequence number 373282 is in the future! Current system log sequence number 300306.
2026-05-17  2:32:00 0 [ERROR] InnoDB: Your database may be corrupt or you may have copied the InnoDB tablespace but not the InnoDB log files. Please refer to https://mariadb.com/kb/en/library/innodb-recovery-modes/ for information about forcing recovery.
2026-05-17  2:32:00 0 [ERROR] InnoDB: Page [page id: space=0, page number=241] log sequence number 373326 is in the future! Current system log sequence number 300306.
2026-05-17  2:32:00 0 [ERROR] InnoDB: Your database may be corrupt or you may have copied the InnoDB tablespace but not the InnoDB log files. Please refer to https://mariadb.com/kb/en/library/innodb-recovery-modes/ for information about forcing recovery.
2026-05-17  2:32:00 0 [ERROR] InnoDB: Page [page id: space=0, page number=380] log sequence number 373326 is in the future! Current system log sequence number 300306.
2026-05-17  2:32:00 0 [ERROR] InnoDB: Your database may be corrupt or you may have copied the InnoDB tablespace but not the InnoDB log files. Please refer to https://mariadb.com/kb/en/library/innodb-recovery-modes/ for information about forcing recovery.
2026-05-17  2:32:00 0 [ERROR] InnoDB: Page [page id: space=0, page number=242] log sequence number 373370 is in the future! Current system log sequence number 300306.
2026-05-17  2:32:00 0 [ERROR] InnoDB: Your database may be corrupt or you may have copied the InnoDB tablespace but not the InnoDB log files. Please refer to https://mariadb.com/kb/en/library/innodb-recovery-modes/ for information about forcing recovery.
2026-05-17  2:32:00 0 [ERROR] InnoDB: Page [page id: space=0, page number=381] log sequence number 373370 is in the future! Current system log sequence number 300306.
2026-05-17  2:32:00 0 [ERROR] InnoDB: Your database may be corrupt or you may have copied the InnoDB tablespace but not the InnoDB log files. Please refer to https://mariadb.com/kb/en/library/innodb-recovery-modes/ for information about forcing recovery.
2026-05-17  2:32:00 0 [ERROR] InnoDB: Page [page id: space=0, page number=244] log sequence number 373414 is in the future! Current system log sequence number 300306.
2026-05-17  2:32:00 0 [ERROR] InnoDB: Your database may be corrupt or you may have copied the InnoDB tablespace but not the InnoDB log files. Please refer to https://mariadb.com/kb/en/library/innodb-recovery-modes/ for information about forcing recovery.
2026-05-17  2:32:00 0 [ERROR] InnoDB: Page [page id: space=0, page number=382] log sequence number 373414 is in the future! Current system log sequence number 300306.
2026-05-17  2:32:00 0 [ERROR] InnoDB: Your database may be corrupt or you may have copied the InnoDB tablespace but not the InnoDB log files. Please refer to https://mariadb.com/kb/en/library/innodb-recovery-modes/ for information about forcing recovery.
2026-05-17  2:32:00 0 [ERROR] InnoDB: Page [page id: space=0, page number=245] log sequence number 373458 is in the future! Current system log sequence number 300306.
2026-05-17  2:32:00 0 [ERROR] InnoDB: Your database may be corrupt or you may have copied the InnoDB tablespace but not the InnoDB log files. Please refer to https://mariadb.com/kb/en/library/innodb-recovery-modes/ for information about forcing recovery.
2026-05-17  2:32:00 0 [ERROR] InnoDB: Page [page id: space=0, page number=383] log sequence number 373458 is in the future! Current system log sequence number 300306.
2026-05-17  2:32:00 0 [ERROR] InnoDB: Your database may be corrupt or you may have copied the InnoDB tablespace but not the InnoDB log files. Please refer to https://mariadb.com/kb/en/library/innodb-recovery-modes/ for information about forcing recovery.
2026-05-17  2:32:00 0 [ERROR] InnoDB: Page [page id: space=0, page number=246] log sequence number 373502 is in the future! Current system log sequence number 300306.
2026-05-17  2:32:00 0 [ERROR] InnoDB: Your database may be corrupt or you may have copied the InnoDB tablespace but not the InnoDB log files. Please refer to https://mariadb.com/kb/en/library/innodb-recovery-modes/ for information about forcing recovery.
2026-05-17  2:32:00 0 [ERROR] InnoDB: Page [page id: space=0, page number=431] log sequence number 373502 is in the future! Current system log sequence number 300306.
2026-05-17  2:32:00 0 [ERROR] InnoDB: Your database may be corrupt or you may have copied the InnoDB tablespace but not the InnoDB log files. Please refer to https://mariadb.com/kb/en/library/innodb-recovery-modes/ for information about forcing recovery.
2026-05-17  2:32:00 0 [ERROR] InnoDB: Page [page id: space=0, page number=247] log sequence number 373546 is in the future! Current system log sequence number 300306.
2026-05-17  2:32:00 0 [ERROR] InnoDB: Your database may be corrupt or you may have copied the InnoDB tablespace but not the InnoDB log files. Please refer to https://mariadb.com/kb/en/library/innodb-recovery-modes/ for information about forcing recovery.
2026-05-17  2:32:00 0 [ERROR] InnoDB: Page [page id: space=0, page number=384] log sequence number 373546 is in the future! Current system log sequence number 300306.
2026-05-17  2:32:00 0 [ERROR] InnoDB: Your database may be corrupt or you may have copied the InnoDB tablespace but not the InnoDB log files. Please refer to https://mariadb.com/kb/en/library/innodb-recovery-modes/ for information about forcing recovery.
2026-05-17  2:32:00 0 [ERROR] InnoDB: Page [page id: space=0, page number=248] log sequence number 373590 is in the future! Current system log sequence number 300306.
2026-05-17  2:32:00 0 [ERROR] InnoDB: Your database may be corrupt or you may have copied the InnoDB tablespace but not the InnoDB log files. Please refer to https://mariadb.com/kb/en/library/innodb-recovery-modes/ for information about forcing recovery.
2026-05-17  2:32:00 0 [ERROR] InnoDB: Page [page id: space=0, page number=385] log sequence number 373590 is in the future! Current system log sequence number 300306.
2026-05-17  2:32:00 0 [ERROR] InnoDB: Your database may be corrupt or you may have copied the InnoDB tablespace but not the InnoDB log files. Please refer to https://mariadb.com/kb/en/library/innodb-recovery-modes/ for information about forcing recovery.
2026-05-17  2:32:00 0 [ERROR] InnoDB: Page [page id: space=0, page number=249] log sequence number 373634 is in the future! Current system log sequence number 300306.
2026-05-17  2:32:00 0 [ERROR] InnoDB: Your database may be corrupt or you may have copied the InnoDB tablespace but not the InnoDB log files. Please refer to https://mariadb.com/kb/en/library/innodb-recovery-modes/ for information about forcing recovery.
2026-05-17  2:32:00 0 [ERROR] InnoDB: Page [page id: space=0, page number=370] log sequence number 373634 is in the future! Current system log sequence number 300306.
2026-05-17  2:32:00 0 [ERROR] InnoDB: Your database may be corrupt or you may have copied the InnoDB tablespace but not the InnoDB log files. Please refer to https://mariadb.com/kb/en/library/innodb-recovery-modes/ for information about forcing recovery.
2026-05-17  2:32:00 0 [ERROR] InnoDB: Page [page id: space=0, page number=250] log sequence number 373678 is in the future! Current system log sequence number 300306.
2026-05-17  2:32:00 0 [ERROR] InnoDB: Your database may be corrupt or you may have copied the InnoDB tablespace but not the InnoDB log files. Please refer to https://mariadb.com/kb/en/library/innodb-recovery-modes/ for information about forcing recovery.
2026-05-17  2:32:00 0 [ERROR] InnoDB: Page [page id: space=0, page number=371] log sequence number 373678 is in the future! Current system log sequence number 300306.
2026-05-17  2:32:00 0 [ERROR] InnoDB: Your database may be corrupt or you may have copied the InnoDB tablespace but not the InnoDB log files. Please refer to https://mariadb.com/kb/en/library/innodb-recovery-modes/ for information about forcing recovery.
2026-05-17  2:32:00 0 [ERROR] InnoDB: Page [page id: space=0, page number=251] log sequence number 373722 is in the future! Current system log sequence number 300306.
2026-05-17  2:32:00 0 [ERROR] InnoDB: Your database may be corrupt or you may have copied the InnoDB tablespace but not the InnoDB log files. Please refer to https://mariadb.com/kb/en/library/innodb-recovery-modes/ for information about forcing recovery.
2026-05-17  2:32:00 0 [ERROR] InnoDB: Page [page id: space=0, page number=386] log sequence number 373722 is in the future! Current system log sequence number 300306.
2026-05-17  2:32:00 0 [ERROR] InnoDB: Your database may be corrupt or you may have copied the InnoDB tablespace but not the InnoDB log files. Please refer to https://mariadb.com/kb/en/library/innodb-recovery-modes/ for information about forcing recovery.
2026-05-17  2:32:00 0 [ERROR] InnoDB: Page [page id: space=0, page number=252] log sequence number 356120 is in the future! Current system log sequence number 300306.
2026-05-17  2:32:00 0 [ERROR] InnoDB: Your database may be corrupt or you may have copied the InnoDB tablespace but not the InnoDB log files. Please refer to https://mariadb.com/kb/en/library/innodb-recovery-modes/ for information about forcing recovery.
2026-05-17  2:32:00 0 [ERROR] InnoDB: Page [page id: space=0, page number=387] log sequence number 356120 is in the future! Current system log sequence number 300306.
2026-05-17  2:32:00 0 [ERROR] InnoDB: Your database may be corrupt or you may have copied the InnoDB tablespace but not the InnoDB log files. Please refer to https://mariadb.com/kb/en/library/innodb-recovery-modes/ for information about forcing recovery.
2026-05-17  2:32:00 0 [ERROR] InnoDB: Page [page id: space=0, page number=253] log sequence number 1220753 is in the future! Current system log sequence number 300306.
2026-05-17  2:32:00 0 [ERROR] InnoDB: Your database may be corrupt or you may have copied the InnoDB tablespace but not the InnoDB log files. Please refer to https://mariadb.com/kb/en/library/innodb-recovery-modes/ for information about forcing recovery.
2026-05-17  2:32:00 0 [ERROR] InnoDB: Page [page id: space=0, page number=372] log sequence number 1220753 is in the future! Current system log sequence number 300306.
2026-05-17  2:32:00 0 [ERROR] InnoDB: Your database may be corrupt or you may have copied the InnoDB tablespace but not the InnoDB log files. Please refer to https://mariadb.com/kb/en/library/innodb-recovery-modes/ for information about forcing recovery.
2026-05-17  2:32:00 0 [ERROR] InnoDB: Page [page id: space=0, page number=254] log sequence number 1220797 is in the future! Current system log sequence number 300306.
2026-05-17  2:32:00 0 [ERROR] InnoDB: Your database may be corrupt or you may have copied the InnoDB tablespace but not the InnoDB log files. Please refer to https://mariadb.com/kb/en/library/innodb-recovery-modes/ for information about forcing recovery.
2026-05-17  2:32:00 0 [ERROR] InnoDB: Page [page id: space=0, page number=388] log sequence number 1220797 is in the future! Current system log sequence number 300306.
2026-05-17  2:32:00 0 [ERROR] InnoDB: Your database may be corrupt or you may have copied the InnoDB tablespace but not the InnoDB log files. Please refer to https://mariadb.com/kb/en/library/innodb-recovery-modes/ for information about forcing recovery.
2026-05-17  2:32:00 0 [ERROR] InnoDB: Page [page id: space=0, page number=255] log sequence number 1220841 is in the future! Current system log sequence number 300306.
2026-05-17  2:32:00 0 [ERROR] InnoDB: Your database may be corrupt or you may have copied the InnoDB tablespace but not the InnoDB log files. Please refer to https://mariadb.com/kb/en/library/innodb-recovery-modes/ for information about forcing recovery.
2026-05-17  2:32:00 0 [ERROR] InnoDB: Page [page id: space=0, page number=389] log sequence number 1220841 is in the future! Current system log sequence number 300306.
2026-05-17  2:32:00 0 [ERROR] InnoDB: Your database may be corrupt or you may have copied the InnoDB tablespace but not the InnoDB log files. Please refer to https://mariadb.com/kb/en/library/innodb-recovery-modes/ for information about forcing recovery.
2026-05-17  2:32:00 0 [ERROR] InnoDB: Page [page id: space=0, page number=256] log sequence number 1220885 is in the future! Current system log sequence number 300306.
2026-05-17  2:32:00 0 [ERROR] InnoDB: Your database may be corrupt or you may have copied the InnoDB tablespace but not the InnoDB log files. Please refer to https://mariadb.com/kb/en/library/innodb-recovery-modes/ for information about forcing recovery.
2026-05-17  2:32:00 0 [ERROR] InnoDB: Page [page id: space=0, page number=390] log sequence number 1220885 is in the future! Current system log sequence number 300306.
2026-05-17  2:32:00 0 [ERROR] InnoDB: Your database may be corrupt or you may have copied the InnoDB tablespace but not the InnoDB log files. Please refer to https://mariadb.com/kb/en/library/innodb-recovery-modes/ for information about forcing recovery.
2026-05-17  2:32:00 0 [ERROR] InnoDB: Page [page id: space=0, page number=257] log sequence number 1220929 is in the future! Current system log sequence number 300306.
2026-05-17  2:32:00 0 [ERROR] InnoDB: Your database may be corrupt or you may have copied the InnoDB tablespace but not the InnoDB log files. Please refer to https://mariadb.com/kb/en/library/innodb-recovery-modes/ for information about forcing recovery.
2026-05-17  2:32:00 0 [ERROR] InnoDB: Page [page id: space=0, page number=391] log sequence number 1220929 is in the future! Current system log sequence number 300306.
2026-05-17  2:32:00 0 [ERROR] InnoDB: Your database may be corrupt or you may have copied the InnoDB tablespace but not the InnoDB log files. Please refer to https://mariadb.com/kb/en/library/innodb-recovery-modes/ for information about forcing recovery.
2026-05-17  2:32:00 0 [ERROR] InnoDB: Page [page id: space=0, page number=258] log sequence number 1220973 is in the future! Current system log sequence number 300306.
2026-05-17  2:32:00 0 [ERROR] InnoDB: Your database may be corrupt or you may have copied the InnoDB tablespace but not the InnoDB log files. Please refer to https://mariadb.com/kb/en/library/innodb-recovery-modes/ for information about forcing recovery.
2026-05-17  2:32:00 0 [ERROR] InnoDB: Page [page id: space=0, page number=394] log sequence number 1220973 is in the future! Current system log sequence number 300306.
2026-05-17  2:32:00 0 [ERROR] InnoDB: Your database may be corrupt or you may have copied the InnoDB tablespace but not the InnoDB log files. Please refer to https://mariadb.com/kb/en/library/innodb-recovery-modes/ for information about forcing recovery.
2026-05-17  2:32:00 0 [ERROR] InnoDB: Page [page id: space=0, page number=259] log sequence number 1221017 is in the future! Current system log sequence number 300306.
2026-05-17  2:32:00 0 [ERROR] InnoDB: Your database may be corrupt or you may have copied the InnoDB tablespace but not the InnoDB log files. Please refer to https://mariadb.com/kb/en/library/innodb-recovery-modes/ for information about forcing recovery.
2026-05-17  2:32:01 0 [ERROR] InnoDB: Page [page id: space=0, page number=395] log sequence number 1221017 is in the future! Current system log sequence number 300306.
2026-05-17  2:32:01 0 [ERROR] InnoDB: Your database may be corrupt or you may have copied the InnoDB tablespace but not the InnoDB log files. Please refer to https://mariadb.com/kb/en/library/innodb-recovery-modes/ for information about forcing recovery.
2026-05-17  2:32:01 0 [ERROR] InnoDB: Page [page id: space=0, page number=260] log sequence number 1221061 is in the future! Current system log sequence number 300306.
2026-05-17  2:32:01 0 [ERROR] InnoDB: Your database may be corrupt or you may have copied the InnoDB tablespace but not the InnoDB log files. Please refer to https://mariadb.com/kb/en/library/innodb-recovery-modes/ for information about forcing recovery.
2026-05-17  2:32:01 0 [ERROR] InnoDB: Page [page id: space=0, page number=432] log sequence number 1221061 is in the future! Current system log sequence number 300306.
2026-05-17  2:32:01 0 [ERROR] InnoDB: Your database may be corrupt or you may have copied the InnoDB tablespace but not the InnoDB log files. Please refer to https://mariadb.com/kb/en/library/innodb-recovery-modes/ for information about forcing recovery.
2026-05-17  2:32:01 0 [ERROR] InnoDB: Page [page id: space=0, page number=261] log sequence number 1221105 is in the future! Current system log sequence number 300306.
2026-05-17  2:32:01 0 [ERROR] InnoDB: Your database may be corrupt or you may have copied the InnoDB tablespace but not the InnoDB log files. Please refer to https://mariadb.com/kb/en/library/innodb-recovery-modes/ for information about forcing recovery.
2026-05-17  2:32:01 0 [ERROR] InnoDB: Page [page id: space=0, page number=396] log sequence number 1221105 is in the future! Current system log sequence number 300306.
2026-05-17  2:32:01 0 [ERROR] InnoDB: Your database may be corrupt or you may have copied the InnoDB tablespace but not the InnoDB log files. Please refer to https://mariadb.com/kb/en/library/innodb-recovery-modes/ for information about forcing recovery.
2026-05-17  2:32:01 0 [ERROR] InnoDB: Page [page id: space=0, page number=262] log sequence number 1221165 is in the future! Current system log sequence number 300306.
2026-05-17  2:32:01 0 [ERROR] InnoDB: Your database may be corrupt or you may have copied the InnoDB tablespace but not the InnoDB log files. Please refer to https://mariadb.com/kb/en/library/innodb-recovery-modes/ for information about forcing recovery.
2026-05-17  2:32:01 0 [ERROR] InnoDB: Page [page id: space=0, page number=397] log sequence number 1221165 is in the future! Current system log sequence number 300306.
2026-05-17  2:32:01 0 [ERROR] InnoDB: Your database may be corrupt or you may have copied the InnoDB tablespace but not the InnoDB log files. Please refer to https://mariadb.com/kb/en/library/innodb-recovery-modes/ for information about forcing recovery.
2026-05-17  2:32:01 0 [ERROR] InnoDB: Page [page id: space=0, page number=263] log sequence number 1221209 is in the future! Current system log sequence number 300306.
2026-05-17  2:32:01 0 [ERROR] InnoDB: Your database may be corrupt or you may have copied the InnoDB tablespace but not the InnoDB log files. Please refer to https://mariadb.com/kb/en/library/innodb-recovery-modes/ for information about forcing recovery.
2026-05-17  2:32:01 0 [ERROR] InnoDB: Page [page id: space=0, page number=398] log sequence number 1221209 is in the future! Current system log sequence number 300306.
2026-05-17  2:32:01 0 [ERROR] InnoDB: Your database may be corrupt or you may have copied the InnoDB tablespace but not the InnoDB log files. Please refer to https://mariadb.com/kb/en/library/innodb-recovery-modes/ for information about forcing recovery.
2026-05-17  2:32:01 0 [ERROR] InnoDB: Page [page id: space=0, page number=264] log sequence number 1221253 is in the future! Current system log sequence number 300306.
2026-05-17  2:32:01 0 [ERROR] InnoDB: Your database may be corrupt or you may have copied the InnoDB tablespace but not the InnoDB log files. Please refer to https://mariadb.com/kb/en/library/innodb-recovery-modes/ for information about forcing recovery.
2026-05-17  2:32:01 0 [ERROR] InnoDB: Page [page id: space=0, page number=399] log sequence number 1221253 is in the future! Current system log sequence number 300306.
2026-05-17  2:32:01 0 [ERROR] InnoDB: Your database may be corrupt or you may have copied the InnoDB tablespace but not the InnoDB log files. Please refer to https://mariadb.com/kb/en/library/innodb-recovery-modes/ for information about forcing recovery.
2026-05-17  2:32:01 0 [ERROR] InnoDB: Page [page id: space=0, page number=265] log sequence number 1221297 is in the future! Current system log sequence number 300306.
2026-05-17  2:32:01 0 [ERROR] InnoDB: Your database may be corrupt or you may have copied the InnoDB tablespace but not the InnoDB log files. Please refer to https://mariadb.com/kb/en/library/innodb-recovery-modes/ for information about forcing recovery.
2026-05-17  2:32:01 0 [ERROR] InnoDB: Page [page id: space=0, page number=400] log sequence number 1221297 is in the future! Current system log sequence number 300306.
2026-05-17  2:32:01 0 [ERROR] InnoDB: Your database may be corrupt or you may have copied the InnoDB tablespace but not the InnoDB log files. Please refer to https://mariadb.com/kb/en/library/innodb-recovery-modes/ for information about forcing recovery.
2026-05-17  2:32:01 0 [ERROR] InnoDB: Page [page id: space=0, page number=266] log sequence number 1221341 is in the future! Current system log sequence number 300306.
2026-05-17  2:32:01 0 [ERROR] InnoDB: Your database may be corrupt or you may have copied the InnoDB tablespace but not the InnoDB log files. Please refer to https://mariadb.com/kb/en/library/innodb-recovery-modes/ for information about forcing recovery.
2026-05-17  2:32:01 0 [ERROR] InnoDB: Page [page id: space=0, page number=401] log sequence number 1221341 is in the future! Current system log sequence number 300306.
2026-05-17  2:32:01 0 [ERROR] InnoDB: Your database may be corrupt or you may have copied the InnoDB tablespace but not the InnoDB log files. Please refer to https://mariadb.com/kb/en/library/innodb-recovery-modes/ for information about forcing recovery.
2026-05-17  2:32:01 0 [ERROR] InnoDB: Page [page id: space=0, page number=267] log sequence number 1221385 is in the future! Current system log sequence number 300306.
2026-05-17  2:32:01 0 [ERROR] InnoDB: Your database may be corrupt or you may have copied the InnoDB tablespace but not the InnoDB log files. Please refer to https://mariadb.com/kb/en/library/innodb-recovery-modes/ for information about forcing recovery.
2026-05-17  2:32:01 0 [ERROR] InnoDB: Page [page id: space=0, page number=402] log sequence number 1221385 is in the future! Current system log sequence number 300306.
2026-05-17  2:32:01 0 [ERROR] InnoDB: Your database may be corrupt or you may have copied the InnoDB tablespace but not the InnoDB log files. Please refer to https://mariadb.com/kb/en/library/innodb-recovery-modes/ for information about forcing recovery.
2026-05-17  2:32:01 0 [ERROR] InnoDB: Page [page id: space=0, page number=268] log sequence number 1221429 is in the future! Current system log sequence number 300306.
2026-05-17  2:32:01 0 [ERROR] InnoDB: Your database may be corrupt or you may have copied the InnoDB tablespace but not the InnoDB log files. Please refer to https://mariadb.com/kb/en/library/innodb-recovery-modes/ for information about forcing recovery.
2026-05-17  2:32:01 0 [ERROR] InnoDB: Page [page id: space=0, page number=403] log sequence number 1221429 is in the future! Current system log sequence number 300306.
2026-05-17  2:32:01 0 [ERROR] InnoDB: Your database may be corrupt or you may have copied the InnoDB tablespace but not the InnoDB log files. Please refer to https://mariadb.com/kb/en/library/innodb-recovery-modes/ for information about forcing recovery.
2026-05-17  2:32:01 0 [ERROR] InnoDB: Page [page id: space=0, page number=269] log sequence number 1221473 is in the future! Current system log sequence number 300306.
2026-05-17  2:32:01 0 [ERROR] InnoDB: Your database may be corrupt or you may have copied the InnoDB tablespace but not the InnoDB log files. Please refer to https://mariadb.com/kb/en/library/innodb-recovery-modes/ for information about forcing recovery.
2026-05-17  2:32:01 0 [ERROR] InnoDB: Page [page id: space=0, page number=404] log sequence number 1221473 is in the future! Current system log sequence number 300306.
2026-05-17  2:32:01 0 [ERROR] InnoDB: Your database may be corrupt or you may have copied the InnoDB tablespace but not the InnoDB log files. Please refer to https://mariadb.com/kb/en/library/innodb-recovery-modes/ for information about forcing recovery.
2026-05-17  2:32:01 0 [ERROR] InnoDB: Page [page id: space=0, page number=270] log sequence number 1221517 is in the future! Current system log sequence number 300306.
2026-05-17  2:32:01 0 [ERROR] InnoDB: Your database may be corrupt or you may have copied the InnoDB tablespace but not the InnoDB log files. Please refer to https://mariadb.com/kb/en/library/innodb-recovery-modes/ for information about forcing recovery.
2026-05-17  2:32:01 0 [ERROR] InnoDB: Page [page id: space=0, page number=433] log sequence number 1221517 is in the future! Current system log sequence number 300306.
2026-05-17  2:32:01 0 [ERROR] InnoDB: Your database may be corrupt or you may have copied the InnoDB tablespace but not the InnoDB log files. Please refer to https://mariadb.com/kb/en/library/innodb-recovery-modes/ for information about forcing recovery.
2026-05-17  2:32:01 0 [ERROR] InnoDB: Page [page id: space=0, page number=271] log sequence number 1221561 is in the future! Current system log sequence number 300306.
2026-05-17  2:32:01 0 [ERROR] InnoDB: Your database may be corrupt or you may have copied the InnoDB tablespace but not the InnoDB log files. Please refer to https://mariadb.com/kb/en/library/innodb-recovery-modes/ for information about forcing recovery.
2026-05-17  2:32:01 0 [ERROR] InnoDB: Page [page id: space=0, page number=405] log sequence number 1221561 is in the future! Current system log sequence number 300306.
2026-05-17  2:32:01 0 [ERROR] InnoDB: Your database may be corrupt or you may have copied the InnoDB tablespace but not the InnoDB log files. Please refer to https://mariadb.com/kb/en/library/innodb-recovery-modes/ for information about forcing recovery.
2026-05-17  2:32:01 0 [ERROR] InnoDB: Page [page id: space=0, page number=272] log sequence number 1228334 is in the future! Current system log sequence number 300306.
2026-05-17  2:32:01 0 [ERROR] InnoDB: Your database may be corrupt or you may have copied the InnoDB tablespace but not the InnoDB log files. Please refer to https://mariadb.com/kb/en/library/innodb-recovery-modes/ for information about forcing recovery.
2026-05-17  2:32:01 0 [ERROR] InnoDB: Page [page id: space=0, page number=406] log sequence number 1228334 is in the future! Current system log sequence number 300306.
2026-05-17  2:32:01 0 [ERROR] InnoDB: Your database may be corrupt or you may have copied the InnoDB tablespace but not the InnoDB log files. Please refer to https://mariadb.com/kb/en/library/innodb-recovery-modes/ for information about forcing recovery.
2026-05-17  2:32:01 0 [ERROR] InnoDB: Page [page id: space=0, page number=273] log sequence number 1228378 is in the future! Current system log sequence number 300306.
2026-05-17  2:32:01 0 [ERROR] InnoDB: Your database may be corrupt or you may have copied the InnoDB tablespace but not the InnoDB log files. Please refer to https://mariadb.com/kb/en/library/innodb-recovery-modes/ for information about forcing recovery.
2026-05-17  2:32:01 0 [ERROR] InnoDB: Page [page id: space=0, page number=407] log sequence number 1228378 is in the future! Current system log sequence number 300306.
2026-05-17  2:32:01 0 [ERROR] InnoDB: Your database may be corrupt or you may have copied the InnoDB tablespace but not the InnoDB log files. Please refer to https://mariadb.com/kb/en/library/innodb-recovery-modes/ for information about forcing recovery.
2026-05-17  2:32:01 0 [ERROR] InnoDB: Page [page id: space=0, page number=274] log sequence number 1228422 is in the future! Current system log sequence number 300306.
2026-05-17  2:32:01 0 [ERROR] InnoDB: Your database may be corrupt or you may have copied the InnoDB tablespace but not the InnoDB log files. Please refer to https://mariadb.com/kb/en/library/innodb-recovery-modes/ for information about forcing recovery.
2026-05-17  2:32:01 0 [ERROR] InnoDB: Page [page id: space=0, page number=408] log sequence number 1228422 is in the future! Current system log sequence number 300306.
2026-05-17  2:32:01 0 [ERROR] InnoDB: Your database may be corrupt or you may have copied the InnoDB tablespace but not the InnoDB log files. Please refer to https://mariadb.com/kb/en/library/innodb-recovery-modes/ for information about forcing recovery.
2026-05-17  2:32:01 0 [ERROR] InnoDB: Page [page id: space=0, page number=275] log sequence number 1228466 is in the future! Current system log sequence number 300306.
2026-05-17  2:32:01 0 [ERROR] InnoDB: Your database may be corrupt or you may have copied the InnoDB tablespace but not the InnoDB log files. Please refer to https://mariadb.com/kb/en/library/innodb-recovery-modes/ for information about forcing recovery.
2026-05-17  2:32:01 0 [ERROR] InnoDB: Page [page id: space=0, page number=438] log sequence number 1228466 is in the future! Current system log sequence number 300306.
2026-05-17  2:32:01 0 [ERROR] InnoDB: Your database may be corrupt or you may have copied the InnoDB tablespace but not the InnoDB log files. Please refer to https://mariadb.com/kb/en/library/innodb-recovery-modes/ for information about forcing recovery.
2026-05-17  2:32:01 0 [ERROR] InnoDB: Page [page id: space=0, page number=276] log sequence number 1228510 is in the future! Current system log sequence number 300306.
2026-05-17  2:32:01 0 [ERROR] InnoDB: Your database may be corrupt or you may have copied the InnoDB tablespace but not the InnoDB log files. Please refer to https://mariadb.com/kb/en/library/innodb-recovery-modes/ for information about forcing recovery.
2026-05-17  2:32:01 0 [ERROR] InnoDB: Page [page id: space=0, page number=409] log sequence number 1228510 is in the future! Current system log sequence number 300306.
2026-05-17  2:32:01 0 [ERROR] InnoDB: Your database may be corrupt or you may have copied the InnoDB tablespace but not the InnoDB log files. Please refer to https://mariadb.com/kb/en/library/innodb-recovery-modes/ for information about forcing recovery.
2026-05-17  2:32:01 0 [ERROR] InnoDB: Page [page id: space=0, page number=277] log sequence number 1228554 is in the future! Current system log sequence number 300306.
2026-05-17  2:32:01 0 [ERROR] InnoDB: Your database may be corrupt or you may have copied the InnoDB tablespace but not the InnoDB log files. Please refer to https://mariadb.com/kb/en/library/innodb-recovery-modes/ for information about forcing recovery.
2026-05-17  2:32:01 0 [ERROR] InnoDB: Page [page id: space=0, page number=411] log sequence number 1228554 is in the future! Current system log sequence number 300306.
2026-05-17  2:32:01 0 [ERROR] InnoDB: Your database may be corrupt or you may have copied the InnoDB tablespace but not the InnoDB log files. Please refer to https://mariadb.com/kb/en/library/innodb-recovery-modes/ for information about forcing recovery.
2026-05-17  2:32:01 0 [ERROR] InnoDB: Page [page id: space=0, page number=278] log sequence number 1228598 is in the future! Current system log sequence number 300306.
2026-05-17  2:32:01 0 [ERROR] InnoDB: Your database may be corrupt or you may have copied the InnoDB tablespace but not the InnoDB log files. Please refer to https://mariadb.com/kb/en/library/innodb-recovery-modes/ for information about forcing recovery.
2026-05-17  2:32:01 0 [ERROR] InnoDB: Page [page id: space=0, page number=412] log sequence number 1228598 is in the future! Current system log sequence number 300306.
2026-05-17  2:32:01 0 [ERROR] InnoDB: Your database may be corrupt or you may have copied the InnoDB tablespace but not the InnoDB log files. Please refer to https://mariadb.com/kb/en/library/innodb-recovery-modes/ for information about forcing recovery.
2026-05-17  2:32:01 0 [ERROR] InnoDB: Page [page id: space=0, page number=279] log sequence number 1228642 is in the future! Current system log sequence number 300306.
2026-05-17  2:32:01 0 [ERROR] InnoDB: Your database may be corrupt or you may have copied the InnoDB tablespace but not the InnoDB log files. Please refer to https://mariadb.com/kb/en/library/innodb-recovery-modes/ for information about forcing recovery.
2026-05-17  2:32:01 0 [ERROR] InnoDB: Page [page id: space=0, page number=413] log sequence number 1228642 is in the future! Current system log sequence number 300306.
2026-05-17  2:32:01 0 [ERROR] InnoDB: Your database may be corrupt or you may have copied the InnoDB tablespace but not the InnoDB log files. Please refer to https://mariadb.com/kb/en/library/innodb-recovery-modes/ for information about forcing recovery.
2026-05-17  2:32:01 0 [ERROR] InnoDB: Page [page id: space=0, page number=280] log sequence number 1228686 is in the future! Current system log sequence number 300306.
2026-05-17  2:32:01 0 [ERROR] InnoDB: Your database may be corrupt or you may have copied the InnoDB tablespace but not the InnoDB log files. Please refer to https://mariadb.com/kb/en/library/innodb-recovery-modes/ for information about forcing recovery.
2026-05-17  2:32:01 0 [ERROR] InnoDB: Page [page id: space=0, page number=414] log sequence number 1228686 is in the future! Current system log sequence number 300306.
2026-05-17  2:32:01 0 [ERROR] InnoDB: Your database may be corrupt or you may have copied the InnoDB tablespace but not the InnoDB log files. Please refer to https://mariadb.com/kb/en/library/innodb-recovery-modes/ for information about forcing recovery.
2026-05-17  2:32:01 0 [ERROR] InnoDB: Page [page id: space=0, page number=281] log sequence number 1168724 is in the future! Current system log sequence number 300306.
2026-05-17  2:32:01 0 [ERROR] InnoDB: Your database may be corrupt or you may have copied the InnoDB tablespace but not the InnoDB log files. Please refer to https://mariadb.com/kb/en/library/innodb-recovery-modes/ for information about forcing recovery.
2026-05-17  2:32:01 0 [ERROR] InnoDB: Page [page id: space=0, page number=415] log sequence number 1168724 is in the future! Current system log sequence number 300306.
2026-05-17  2:32:01 0 [ERROR] InnoDB: Your database may be corrupt or you may have copied the InnoDB tablespace but not the InnoDB log files. Please refer to https://mariadb.com/kb/en/library/innodb-recovery-modes/ for information about forcing recovery.
2026-05-17  2:32:01 0 [ERROR] InnoDB: Page [page id: space=0, page number=282] log sequence number 1228730 is in the future! Current system log sequence number 300306.
2026-05-17  2:32:01 0 [ERROR] InnoDB: Your database may be corrupt or you may have copied the InnoDB tablespace but not the InnoDB log files. Please refer to https://mariadb.com/kb/en/library/innodb-recovery-modes/ for information about forcing recovery.
2026-05-17  2:32:01 0 [ERROR] InnoDB: Page [page id: space=0, page number=439] log sequence number 1228730 is in the future! Current system log sequence number 300306.
2026-05-17  2:32:01 0 [ERROR] InnoDB: Your database may be corrupt or you may have copied the InnoDB tablespace but not the InnoDB log files. Please refer to https://mariadb.com/kb/en/library/innodb-recovery-modes/ for information about forcing recovery.
2026-05-17  2:32:01 0 [ERROR] InnoDB: Page [page id: space=0, page number=283] log sequence number 1228976 is in the future! Current system log sequence number 300306.
2026-05-17  2:32:01 0 [ERROR] InnoDB: Your database may be corrupt or you may have copied the InnoDB tablespace but not the InnoDB log files. Please refer to https://mariadb.com/kb/en/library/innodb-recovery-modes/ for information about forcing recovery.
2026-05-17  2:32:01 0 [ERROR] InnoDB: Page [page id: space=0, page number=416] log sequence number 1228976 is in the future! Current system log sequence number 300306.
2026-05-17  2:32:01 0 [ERROR] InnoDB: Your database may be corrupt or you may have copied the InnoDB tablespace but not the InnoDB log files. Please refer to https://mariadb.com/kb/en/library/innodb-recovery-modes/ for information about forcing recovery.
2026-05-17  2:32:01 0 [ERROR] InnoDB: Page [page id: space=0, page number=284] log sequence number 1168856 is in the future! Current system log sequence number 300306.
2026-05-17  2:32:01 0 [ERROR] InnoDB: Your database may be corrupt or you may have copied the InnoDB tablespace but not the InnoDB log files. Please refer to https://mariadb.com/kb/en/library/innodb-recovery-modes/ for information about forcing recovery.
2026-05-17  2:32:01 0 [ERROR] InnoDB: Page [page id: space=0, page number=417] log sequence number 1168856 is in the future! Current system log sequence number 300306.
2026-05-17  2:32:01 0 [ERROR] InnoDB: Your database may be corrupt or you may have copied the InnoDB tablespace but not the InnoDB log files. Please refer to https://mariadb.com/kb/en/library/innodb-recovery-modes/ for information about forcing recovery.
2026-05-17  2:32:01 0 [ERROR] InnoDB: Page [page id: space=0, page number=285] log sequence number 1232449 is in the future! Current system log sequence number 300306.
2026-05-17  2:32:01 0 [ERROR] InnoDB: Your database may be corrupt or you may have copied the InnoDB tablespace but not the InnoDB log files. Please refer to https://mariadb.com/kb/en/library/innodb-recovery-modes/ for information about forcing recovery.
2026-05-17  2:32:01 0 [ERROR] InnoDB: Page [page id: space=0, page number=418] log sequence number 1232449 is in the future! Current system log sequence number 300306.
2026-05-17  2:32:01 0 [ERROR] InnoDB: Your database may be corrupt or you may have copied the InnoDB tablespace but not the InnoDB log files. Please refer to https://mariadb.com/kb/en/library/innodb-recovery-modes/ for information about forcing recovery.
2026-05-17  2:32:01 0 [ERROR] InnoDB: Page [page id: space=0, page number=286] log sequence number 1168960 is in the future! Current system log sequence number 300306.
2026-05-17  2:32:01 0 [ERROR] InnoDB: Your database may be corrupt or you may have copied the InnoDB tablespace but not the InnoDB log files. Please refer to https://mariadb.com/kb/en/library/innodb-recovery-modes/ for information about forcing recovery.
2026-05-17  2:32:01 0 [ERROR] InnoDB: Page [page id: space=0, page number=419] log sequence number 1168960 is in the future! Current system log sequence number 300306.
2026-05-17  2:32:01 0 [ERROR] InnoDB: Your database may be corrupt or you may have copied the InnoDB tablespace but not the InnoDB log files. Please refer to https://mariadb.com/kb/en/library/innodb-recovery-modes/ for information about forcing recovery.
2026-05-17  2:32:01 0 [ERROR] InnoDB: Page [page id: space=0, page number=287] log sequence number 1169004 is in the future! Current system log sequence number 300306.
2026-05-17  2:32:01 0 [ERROR] InnoDB: Your database may be corrupt or you may have copied the InnoDB tablespace but not the InnoDB log files. Please refer to https://mariadb.com/kb/en/library/innodb-recovery-modes/ for information about forcing recovery.
2026-05-17  2:32:01 0 [ERROR] InnoDB: Page [page id: space=0, page number=420] log sequence number 1169004 is in the future! Current system log sequence number 300306.
2026-05-17  2:32:01 0 [ERROR] InnoDB: Your database may be corrupt or you may have copied the InnoDB tablespace but not the InnoDB log files. Please refer to https://mariadb.com/kb/en/library/innodb-recovery-modes/ for information about forcing recovery.
2026-05-17  2:32:01 0 [ERROR] InnoDB: Page [page id: space=0, page number=288] log sequence number 1232493 is in the future! Current system log sequence number 300306.
2026-05-17  2:32:01 0 [ERROR] InnoDB: Your database may be corrupt or you may have copied the InnoDB tablespace but not the InnoDB log files. Please refer to https://mariadb.com/kb/en/library/innodb-recovery-modes/ for information about forcing recovery.
2026-05-17  2:32:01 0 [ERROR] InnoDB: Page [page id: space=0, page number=421] log sequence number 1232493 is in the future! Current system log sequence number 300306.
2026-05-17  2:32:01 0 [ERROR] InnoDB: Your database may be corrupt or you may have copied the InnoDB tablespace but not the InnoDB log files. Please refer to https://mariadb.com/kb/en/library/innodb-recovery-modes/ for information about forcing recovery.
2026-05-17  2:32:01 0 [ERROR] InnoDB: Page [page id: space=0, page number=289] log sequence number 1169092 is in the future! Current system log sequence number 300306.
2026-05-17  2:32:01 0 [ERROR] InnoDB: Your database may be corrupt or you may have copied the InnoDB tablespace but not the InnoDB log files. Please refer to https://mariadb.com/kb/en/library/innodb-recovery-modes/ for information about forcing recovery.
2026-05-17  2:32:01 0 [ERROR] InnoDB: Page [page id: space=0, page number=434] log sequence number 1169092 is in the future! Current system log sequence number 300306.
2026-05-17  2:32:01 0 [ERROR] InnoDB: Your database may be corrupt or you may have copied the InnoDB tablespace but not the InnoDB log files. Please refer to https://mariadb.com/kb/en/library/innodb-recovery-modes/ for information about forcing recovery.
2026-05-17  2:32:01 0 [ERROR] InnoDB: Page [page id: space=0, page number=290] log sequence number 1169136 is in the future! Current system log sequence number 300306.
2026-05-17  2:32:01 0 [ERROR] InnoDB: Your database may be corrupt or you may have copied the InnoDB tablespace but not the InnoDB log files. Please refer to https://mariadb.com/kb/en/library/innodb-recovery-modes/ for information about forcing recovery.
2026-05-17  2:32:01 0 [ERROR] InnoDB: Page [page id: space=0, page number=422] log sequence number 1169136 is in the future! Current system log sequence number 300306.
2026-05-17  2:32:01 0 [ERROR] InnoDB: Your database may be corrupt or you may have copied the InnoDB tablespace but not the InnoDB log files. Please refer to https://mariadb.com/kb/en/library/innodb-recovery-modes/ for information about forcing recovery.
2026-05-17  2:32:01 0 [ERROR] InnoDB: Page [page id: space=0, page number=291] log sequence number 925152 is in the future! Current system log sequence number 300306.
2026-05-17  2:32:01 0 [ERROR] InnoDB: Your database may be corrupt or you may have copied the InnoDB tablespace but not the InnoDB log files. Please refer to https://mariadb.com/kb/en/library/innodb-recovery-modes/ for information about forcing recovery.
2026-05-17  2:32:01 0 [ERROR] InnoDB: Page [page id: space=0, page number=423] log sequence number 925152 is in the future! Current system log sequence number 300306.
2026-05-17  2:32:01 0 [ERROR] InnoDB: Your database may be corrupt or you may have copied the InnoDB tablespace but not the InnoDB log files. Please refer to https://mariadb.com/kb/en/library/innodb-recovery-modes/ for information about forcing recovery.
2026-05-17  2:32:01 0 [ERROR] InnoDB: Page [page id: space=0, page number=292] log sequence number 1173098 is in the future! Current system log sequence number 300306.
2026-05-17  2:32:01 0 [ERROR] InnoDB: Your database may be corrupt or you may have copied the InnoDB tablespace but not the InnoDB log files. Please refer to https://mariadb.com/kb/en/library/innodb-recovery-modes/ for information about forcing recovery.
2026-05-17  2:32:01 0 [ERROR] InnoDB: Page [page id: space=0, page number=424] log sequence number 1173098 is in the future! Current system log sequence number 300306.
2026-05-17  2:32:01 0 [ERROR] InnoDB: Your database may be corrupt or you may have copied the InnoDB tablespace but not the InnoDB log files. Please refer to https://mariadb.com/kb/en/library/innodb-recovery-modes/ for information about forcing recovery.
2026-05-17  2:32:01 0 [ERROR] InnoDB: Page [page id: space=0, page number=293] log sequence number 1232537 is in the future! Current system log sequence number 300306.
2026-05-17  2:32:01 0 [ERROR] InnoDB: Your database may be corrupt or you may have copied the InnoDB tablespace but not the InnoDB log files. Please refer to https://mariadb.com/kb/en/library/innodb-recovery-modes/ for information about forcing recovery.
2026-05-17  2:32:01 0 [ERROR] InnoDB: Page [page id: space=0, page number=435] log sequence number 1232537 is in the future! Current system log sequence number 300306.
2026-05-17  2:32:01 0 [ERROR] InnoDB: Your database may be corrupt or you may have copied the InnoDB tablespace but not the InnoDB log files. Please refer to https://mariadb.com/kb/en/library/innodb-recovery-modes/ for information about forcing recovery.
2026-05-17  2:32:01 0 [ERROR] InnoDB: Page [page id: space=0, page number=294] log sequence number 1173186 is in the future! Current system log sequence number 300306.
2026-05-17  2:32:01 0 [ERROR] InnoDB: Your database may be corrupt or you may have copied the InnoDB tablespace but not the InnoDB log files. Please refer to https://mariadb.com/kb/en/library/innodb-recovery-modes/ for information about forcing recovery.
2026-05-17  2:32:01 0 [ERROR] InnoDB: Page [page id: space=0, page number=425] log sequence number 1173186 is in the future! Current system log sequence number 300306.
2026-05-17  2:32:01 0 [ERROR] InnoDB: Your database may be corrupt or you may have copied the InnoDB tablespace but not the InnoDB log files. Please refer to https://mariadb.com/kb/en/library/innodb-recovery-modes/ for information about forcing recovery.
2026-05-17  2:32:01 0 [ERROR] InnoDB: Page [page id: space=0, page number=295] log sequence number 1173230 is in the future! Current system log sequence number 300306.
2026-05-17  2:32:01 0 [ERROR] InnoDB: Your database may be corrupt or you may have copied the InnoDB tablespace but not the InnoDB log files. Please refer to https://mariadb.com/kb/en/library/innodb-recovery-modes/ for information about forcing recovery.
2026-05-17  2:32:01 0 [ERROR] InnoDB: Page [page id: space=0, page number=426] log sequence number 1173230 is in the future! Current system log sequence number 300306.
2026-05-17  2:32:01 0 [ERROR] InnoDB: Your database may be corrupt or you may have copied the InnoDB tablespace but not the InnoDB log files. Please refer to https://mariadb.com/kb/en/library/innodb-recovery-modes/ for information about forcing recovery.
2026-05-17  2:32:01 0 [ERROR] InnoDB: Page [page id: space=0, page number=296] log sequence number 1173274 is in the future! Current system log sequence number 300306.
2026-05-17  2:32:01 0 [ERROR] InnoDB: Your database may be corrupt or you may have copied the InnoDB tablespace but not the InnoDB log files. Please refer to https://mariadb.com/kb/en/library/innodb-recovery-modes/ for information about forcing recovery.
2026-05-17  2:32:01 0 [ERROR] InnoDB: Page [page id: space=0, page number=427] log sequence number 1173274 is in the future! Current system log sequence number 300306.
2026-05-17  2:32:01 0 [ERROR] InnoDB: Your database may be corrupt or you may have copied the InnoDB tablespace but not the InnoDB log files. Please refer to https://mariadb.com/kb/en/library/innodb-recovery-modes/ for information about forcing recovery.
2026-05-17  2:32:01 0 [ERROR] InnoDB: Page [page id: space=0, page number=297] log sequence number 1232581 is in the future! Current system log sequence number 300306.
2026-05-17  2:32:01 0 [ERROR] InnoDB: Your database may be corrupt or you may have copied the InnoDB tablespace but not the InnoDB log files. Please refer to https://mariadb.com/kb/en/library/innodb-recovery-modes/ for information about forcing recovery.
2026-05-17  2:32:01 0 [ERROR] InnoDB: Page [page id: space=0, page number=428] log sequence number 1232581 is in the future! Current system log sequence number 300306.
2026-05-17  2:32:01 0 [ERROR] InnoDB: Your database may be corrupt or you may have copied the InnoDB tablespace but not the InnoDB log files. Please refer to https://mariadb.com/kb/en/library/innodb-recovery-modes/ for information about forcing recovery.
2026-05-17  2:32:01 0 [ERROR] InnoDB: Page [page id: space=0, page number=298] log sequence number 1187300 is in the future! Current system log sequence number 300306.
2026-05-17  2:32:01 0 [ERROR] InnoDB: Your database may be corrupt or you may have copied the InnoDB tablespace but not the InnoDB log files. Please refer to https://mariadb.com/kb/en/library/innodb-recovery-modes/ for information about forcing recovery.
2026-05-17  2:32:01 0 [ERROR] InnoDB: Page [page id: space=0, page number=429] log sequence number 1187300 is in the future! Current system log sequence number 300306.
2026-05-17  2:32:01 0 [ERROR] InnoDB: Your database may be corrupt or you may have copied the InnoDB tablespace but not the InnoDB log files. Please refer to https://mariadb.com/kb/en/library/innodb-recovery-modes/ for information about forcing recovery.
2026-05-17  2:32:01 0 [ERROR] InnoDB: Page [page id: space=0, page number=299] log sequence number 1232625 is in the future! Current system log sequence number 300306.
2026-05-17  2:32:01 0 [ERROR] InnoDB: Your database may be corrupt or you may have copied the InnoDB tablespace but not the InnoDB log files. Please refer to https://mariadb.com/kb/en/library/innodb-recovery-modes/ for information about forcing recovery.
2026-05-17  2:32:01 0 [ERROR] InnoDB: Page [page id: space=0, page number=436] log sequence number 1232625 is in the future! Current system log sequence number 300306.
2026-05-17  2:32:01 0 [ERROR] InnoDB: Your database may be corrupt or you may have copied the InnoDB tablespace but not the InnoDB log files. Please refer to https://mariadb.com/kb/en/library/innodb-recovery-modes/ for information about forcing recovery.
2026-05-17  2:32:01 0 [ERROR] InnoDB: Page [page id: space=0, page number=300] log sequence number 1187404 is in the future! Current system log sequence number 300306.
2026-05-17  2:32:01 0 [ERROR] InnoDB: Your database may be corrupt or you may have copied the InnoDB tablespace but not the InnoDB log files. Please refer to https://mariadb.com/kb/en/library/innodb-recovery-modes/ for information about forcing recovery.
2026-05-17  2:32:01 0 [ERROR] InnoDB: Page [page id: space=0, page number=430] log sequence number 1187404 is in the future! Current system log sequence number 300306.
2026-05-17  2:32:01 0 [ERROR] InnoDB: Your database may be corrupt or you may have copied the InnoDB tablespace but not the InnoDB log files. Please refer to https://mariadb.com/kb/en/library/innodb-recovery-modes/ for information about forcing recovery.
2026-05-17  2:32:01 0 [ERROR] InnoDB: Page [page id: space=0, page number=0] log sequence number 840460 is in the future! Current system log sequence number 300306.
2026-05-17  2:32:01 0 [ERROR] InnoDB: Your database may be corrupt or you may have copied the InnoDB tablespace but not the InnoDB log files. Please refer to https://mariadb.com/kb/en/library/innodb-recovery-modes/ for information about forcing recovery.
2026-05-17  2:32:01 0 [ERROR] InnoDB: Page [page id: space=0, page number=8] log sequence number 1371216 is in the future! Current system log sequence number 300306.
2026-05-17  2:32:01 0 [ERROR] InnoDB: Your database may be corrupt or you may have copied the InnoDB tablespace but not the InnoDB log files. Please refer to https://mariadb.com/kb/en/library/innodb-recovery-modes/ for information about forcing recovery.
2026-05-17  2:32:01 0 [ERROR] InnoDB: Page [page id: space=0, page number=10] log sequence number 479260 is in the future! Current system log sequence number 300306.
2026-05-17  2:32:01 0 [ERROR] InnoDB: Your database may be corrupt or you may have copied the InnoDB tablespace but not the InnoDB log files. Please refer to https://mariadb.com/kb/en/library/innodb-recovery-modes/ for information about forcing recovery.
2026-05-17  2:32:01 0 [ERROR] InnoDB: Page [page id: space=0, page number=392] log sequence number 479260 is in the future! Current system log sequence number 300306.
2026-05-17  2:32:01 0 [ERROR] InnoDB: Your database may be corrupt or you may have copied the InnoDB tablespace but not the InnoDB log files. Please refer to https://mariadb.com/kb/en/library/innodb-recovery-modes/ for information about forcing recovery.
2026-05-17  2:32:01 0 [ERROR] InnoDB: Page [page id: space=0, page number=12] log sequence number 1371096 is in the future! Current system log sequence number 300306.
2026-05-17  2:32:01 0 [ERROR] InnoDB: Your database may be corrupt or you may have copied the InnoDB tablespace but not the InnoDB log files. Please refer to https://mariadb.com/kb/en/library/innodb-recovery-modes/ for information about forcing recovery.
2026-05-17  2:32:01 0 [ERROR] InnoDB: Page [page id: space=0, page number=307] log sequence number 1370891 is in the future! Current system log sequence number 300306.
2026-05-17  2:32:01 0 [ERROR] InnoDB: Your database may be corrupt or you may have copied the InnoDB tablespace but not the InnoDB log files. Please refer to https://mariadb.com/kb/en/library/innodb-recovery-modes/ for information about forcing recovery.
2026-05-17  2:32:01 0 [ERROR] InnoDB: Page [page id: space=0, page number=302] log sequence number 1370912 is in the future! Current system log sequence number 300306.
2026-05-17  2:32:01 0 [ERROR] InnoDB: Your database may be corrupt or you may have copied the InnoDB tablespace but not the InnoDB log files. Please refer to https://mariadb.com/kb/en/library/innodb-recovery-modes/ for information about forcing recovery.
2026-05-17  2:32:01 0 [ERROR] InnoDB: Page [page id: space=0, page number=303] log sequence number 1367614 is in the future! Current system log sequence number 300306.
2026-05-17  2:32:01 0 [ERROR] InnoDB: Your database may be corrupt or you may have copied the InnoDB tablespace but not the InnoDB log files. Please refer to https://mariadb.com/kb/en/library/innodb-recovery-modes/ for information about forcing recovery.
2026-05-17  2:32:01 0 [ERROR] InnoDB: Page [page id: space=0, page number=304] log sequence number 1367700 is in the future! Current system log sequence number 300306.
2026-05-17  2:32:01 0 [ERROR] InnoDB: Your database may be corrupt or you may have copied the InnoDB tablespace but not the InnoDB log files. Please refer to https://mariadb.com/kb/en/library/innodb-recovery-modes/ for information about forcing recovery.
2026-05-17  2:32:01 0 [ERROR] InnoDB: Page [page id: space=0, page number=308] log sequence number 1371154 is in the future! Current system log sequence number 300306.
2026-05-17  2:32:01 0 [ERROR] InnoDB: Your database may be corrupt or you may have copied the InnoDB tablespace but not the InnoDB log files. Please refer to https://mariadb.com/kb/en/library/innodb-recovery-modes/ for information about forcing recovery.
2026-05-17  2:32:01 0 [Note] InnoDB: 128 out of 128 rollback segments are active.
2026-05-17  2:32:01 0 [ERROR] InnoDB: Page [page id: space=0, page number=305] log sequence number 1370995 is in the future! Current system log sequence number 300306.
2026-05-17  2:32:01 0 [ERROR] InnoDB: Your database may be corrupt or you may have copied the InnoDB tablespace but not the InnoDB log files. Please refer to https://mariadb.com/kb/en/library/innodb-recovery-modes/ for information about forcing recovery.
2026-05-17  2:32:01 0 [Note] InnoDB: Removed temporary tablespace data file: "ibtmp1"
2026-05-17  2:32:01 0 [Note] InnoDB: Creating shared tablespace for temporary tables
2026-05-17  2:32:01 0 [Note] InnoDB: Setting file 'C:\xampp\mysql\data\ibtmp1' size to 12 MB. Physically writing the file full; Please wait ...
2026-05-17  2:32:01 0 [Note] InnoDB: File 'C:\xampp\mysql\data\ibtmp1' size is now 12 MB.
2026-05-17  2:32:01 0 [Note] InnoDB: Waiting for purge to start
2026-05-17  2:32:01 1 [ERROR] InnoDB: Page [page id: space=0, page number=9] log sequence number 1364674 is in the future! Current system log sequence number 300306.
2026-05-17  2:32:01 1 [ERROR] InnoDB: Your database may be corrupt or you may have copied the InnoDB tablespace but not the InnoDB log files. Please refer to https://mariadb.com/kb/en/library/innodb-recovery-modes/ for information about forcing recovery.
2026-05-17  2:32:01 1 [ERROR] InnoDB: Page [page id: space=67, page number=0] log sequence number 1038359 is in the future! Current system log sequence number 300306.
2026-05-17  2:32:01 1 [ERROR] InnoDB: Your database may be corrupt or you may have copied the InnoDB tablespace but not the InnoDB log files. Please refer to https://mariadb.com/kb/en/library/innodb-recovery-modes/ for information about forcing recovery.
2026-05-17  2:32:01 1 [ERROR] InnoDB: Page [page id: space=0, page number=393] log sequence number 1371196 is in the future! Current system log sequence number 300306.
2026-05-17  2:32:01 1 [ERROR] InnoDB: Your database may be corrupt or you may have copied the InnoDB tablespace but not the InnoDB log files. Please refer to https://mariadb.com/kb/en/library/innodb-recovery-modes/ for information about forcing recovery.
2026-05-17  2:32:01 1 [ERROR] InnoDB: Page [page id: space=67, page number=3] log sequence number 388633 is in the future! Current system log sequence number 300306.
2026-05-17  2:32:01 1 [ERROR] InnoDB: Your database may be corrupt or you may have copied the InnoDB tablespace but not the InnoDB log files. Please refer to https://mariadb.com/kb/en/library/innodb-recovery-modes/ for information about forcing recovery.
2026-05-17  2:32:01 1 [ERROR] InnoDB: Page [page id: space=67, page number=1] log sequence number 1036560 is in the future! Current system log sequence number 300306.
2026-05-17  2:32:01 1 [ERROR] InnoDB: Your database may be corrupt or you may have copied the InnoDB tablespace but not the InnoDB log files. Please refer to https://mariadb.com/kb/en/library/innodb-recovery-modes/ for information about forcing recovery.
2026-05-17  2:32:01 0 [Note] InnoDB: 10.4.32 started; log sequence number 300297; transaction id 3003
2026-05-17  2:32:01 0 [Note] InnoDB: Loading buffer pool(s) from C:\xampp\mysql\data\ib_buffer_pool
2026-05-17  2:32:01 0 [Note] Plugin 'FEEDBACK' is disabled.
2026-05-17  2:32:01 0 [ERROR] InnoDB: Page [page id: space=0, page number=243] log sequence number 511742 is in the future! Current system log sequence number 300306.
2026-05-17  2:32:01 0 [ERROR] InnoDB: Your database may be corrupt or you may have copied the InnoDB tablespace but not the InnoDB log files. Please refer to https://mariadb.com/kb/en/library/innodb-recovery-modes/ for information about forcing recovery.
2026-05-17  2:32:01 0 [Note] InnoDB: Buffer pool(s) load completed at 260517  2:32:01
2026-05-17  2:32:01 0 [Note] Server socket created on IP: '::'.
